Workbook
Name Slicer_Product_Line: #N/A
Name Slicer_Test_Type: #N/A

Sheet Exploratory Analysis
B3: Row Labels | C3: Count of Product_Line | E3: Row Labels | F3: Count of Site | H3: Row Labels | I3: Count of Test_Type
B4: Aroma Chemical | C4: 433 | E4: ashford | F4: 232 | H4: Density_g_ml | I4: 285
B5: Essential Oil Blend | C5: 413 | E5: Ashford UK | F5: 127 | H5: Microbial_Count_CFU_g | I5: 295
B6: Flavor Compound | C6: 392 | E6: BUD | F6: 105 | H6: Moisture_Pct | I6: 279
B7: Food Ingredient Extract | C7: 361 | E7: Budapest | F7: 222 | H7: Particle_Size_um | I7: 311
B8: Fragrance Oil | C8: 416 | E8: Budapest Site | F8: 107 | H8: pH | I8: 264
B9: (blank) | E9: dortmund | F9: 253 | H9: Purity_Pct | I9: 286
B10: Grand Total | C10: 2015 | E10: Dortmund DE | F10: 130 | H10: Residual_Solvent_ppm | I10: 295
E11: E. Hanover | F11: 149 | H11: (blank)
E12: East Hanover | F12: 300 | H12: Grand Total | I12: 2015
B13: Row Labels | C13: Count of Analyst | E13: VERNIER | F13: 299
B14: A. Kovacs | C14: 197 | E14: Vernier CH | F14: 91
B15: J NAGY | C15: 188 | E15: (blank)
B16: J. Nagy | C16: 214 | E16: Grand Total | F16: 2015
B17: K. Varga | C17: 194
B18: L. Rossi | C18: 213
B19: M. Toth | C19: 375
B20: P. Meier | C20: 208
B21: S. Fischer | C21: 235
B22: T. Weber | C22: 191
B23: (blank)
B24: Grand Total | C24: 2015

Sheet mapping Site table
B3: original value | C3: standardized value
B4: ASHFORD UK | C4: Ashford UK
B5: VERNIER | C5: Vernier CH
B6: EAST HANOVER | C6: East Hanover
B7: ASHFORD | C7: Ashford UK
B8: VERNIER CH | C8: Vernier CH
B9: DORTMUND | C9: Dortmund DE
B10: E. HANOVER | C10: East Hanover
B11: BUDAPEST | C11: Budapest
B12: DORTMUND DE | C12: Dortmund DE
B13: BUDAPEST SITE | C13: Budapest
B14: BUD | C14: Budapest

Sheet Raw_LIMS_Export
A1: Sample_ID | B1: Batch_ID | C1: Product_Line | D1: Site | E1: Site_Helper | F1: Test_Type | G1: Result_Value | H1: Unit | I1: Spec_Lower | J1: Spec_Upper | K1: Helper_Date | L1: Test_Date | M1: Analyst
A2: S001578 | B2: ARO-2024-00352 | C2: Aroma Chemical | D2: Ashford UK | E2: =UPPER(D2) -> ASHFORD UK | F2: Residual_Solvent_ppm | G2: 18.09 | H2: ppm | I2: 0 | J2: 120 | K2: =IF(L2="","", IF(MID(L2,5,1)="-", DATE(LEFT(L2,4),MID(L2,6,2),RIGHT(L2,2)), DATE(RIGHT(L2,4),MID(L2,4,2),LEFT(L2,2)) )) -> 45350 | L2: 28/02/2024 | M2: A. Kovacs
A3: S000141 | B3: FOO-2024-00034 | C3: Food Ingredient Extract | D3: VERNIER | E3: =UPPER(D3) -> VERNIER | F3: Density_g_ml | G3: 0.92 | H3: g/ml | I3: 0.88 | J3: 0.97 | K3: =IF(L3="","", IF(MID(L3,5,1)="-", DATE(LEFT(L3,4),MID(L3,6,2),RIGHT(L3,2)), DATE(RIGHT(L3,4),MID(L3,4,2),LEFT(L3,2)) )) -> 45399 | L3: 2024-04-17 | M3: J NAGY
A4: S000111 | B4: ARO-2025-00025 | C4: Aroma Chemical | D4: East Hanover | E4: =UPPER(D4) -> EAST HANOVER | F4: Particle_Size_um | G4: 224.54 | H4: um | I4: 150 | J4: 400 | K4: =IF(L4="","", IF(MID(L4,5,1)="-", DATE(LEFT(L4,4),MID(L4,6,2),RIGHT(L4,2)), DATE(RIGHT(L4,4),MID(L4,4,2),LEFT(L4,2)) )) -> 45924 | L4: 24/09/2025 | M4: J NAGY
A5: S000260 | B5: ESS-2025-00059 | C5: Essential Oil Blend | D5: vernier | E5: =UPPER(D5) -> VERNIER | F5: Purity_Pct | G5: 97.98 | H5: % | I5: 97 | J5: 100 | K5: =IF(L5="","", IF(MID(L5,5,1)="-", DATE(LEFT(L5,4),MID(L5,6,2),RIGHT(L5,2)), DATE(RIGHT(L5,4),MID(L5,4,2),LEFT(L5,2)) )) -> 45982 | L5: 2025-11-21 | M5: A. Kovacs
A6: S001392 | B6: ARO-2024-00311 | C6: Aroma Chemical | D6: EAST HANOVER | E6: =UPPER(D6) -> EAST HANOVER | F6: Purity_Pct | G6: 95.2 | H6: % | I6: 97 | J6: 100 | K6: =IF(L6="","", IF(MID(L6,5,1)="-", DATE(LEFT(L6,4),MID(L6,6,2),RIGHT(L6,2)), DATE(RIGHT(L6,4),MID(L6,4,2),LEFT(L6,2)) )) -> 45488 | L6: 2024-07-15 | M6: S. Fischer
A7: S001745 | B7: FOO-2024-00389 | C7: Food Ingredient Extract | D7: ashford | E7: =UPPER(D7) -> ASHFORD | F7: Particle_Size_um | G7: 227.62 | H7: um | I7: 150 | J7: 400 | K7: =IF(L7="","", IF(MID(L7,5,1)="-", DATE(LEFT(L7,4),MID(L7,6,2),RIGHT(L7,2)), DATE(RIGHT(L7,4),MID(L7,4,2),LEFT(L7,2)) )) -> 45446 | L7: 2024-06-03 | M7: M. Toth
A8: S000515 | B8: FOO-2025-00116 | C8: Food Ingredient Extract | D8: Vernier CH | E8: =UPPER(D8) -> VERNIER CH | F8: Moisture_Pct | G8: 0.38 | H8: % | I8: 0 | J8: 1 | K8: =IF(L8="","", IF(MID(L8,5,1)="-", DATE(LEFT(L8,4),MID(L8,6,2),RIGHT(L8,2)), DATE(RIGHT(L8,4),MID(L8,4,2),LEFT(L8,2)) )) -> 46008 | L8: 2025-12-17 | M8: J NAGY
A9: S001518 | B9: FRA-2024-00338 | C9: Fragrance Oil | D9: dortmund | E9: =UPPER(D9) -> DORTMUND | F9: Particle_Size_um | G9: 318.47 | H9: um | I9: 150 | J9: 400 | K9: =IF(L9="","", IF(MID(L9,5,1)="-", DATE(LEFT(L9,4),MID(L9,6,2),RIGHT(L9,2)), DATE(RIGHT(L9,4),MID(L9,4,2),LEFT(L9,2)) )) -> 45501 | L9: 2024-07-28 | M9: A. Kovacs
A10: S001387 | B10: FLA-2025-00310 | C10: Flavor Compound | D10: E. Hanover | E10: =UPPER(D10) -> E. HANOVER | F10: Purity_Pct | G10: 98.21 | H10: % | I10: 97 | J10: 100 | K10: =IF(L10="","", IF(MID(L10,5,1)="-", DATE(LEFT(L10,4),MID(L10,6,2),RIGHT(L10,2)), DATE(RIGHT(L10,4),MID(L10,4,2),LEFT(L10,2)) )) -> 45881 | L10: 2025-08-12 | M10: J NAGY
A11: S001059 | B11: FOO-2024-00237 | C11: Food Ingredient Extract | D11: Budapest | E11: =UPPER(D11) -> BUDAPEST | F11: Residual_Solvent_ppm | G11: 33.35 | H11: ppm | I11: 0 | J11: 120 | K11: =IF(L11="","", IF(MID(L11,5,1)="-", DATE(LEFT(L11,4),MID(L11,6,2),RIGHT(L11,2)), DATE(RIGHT(L11,4),MID(L11,4,2),LEFT(L11,2)) )) -> 45655 | L11: 2024-12-29 | M11: K. Varga
A12: S001922 | B12: ARO-2024-00430 | C12: Aroma Chemical | D12: East Hanover | E12: =UPPER(D12) -> EAST HANOVER | F12: Purity_Pct | G12: 97.78 | H12: % | I12: 97 | J12: 100 | K12: =IF(L12="","", IF(MID(L12,5,1)="-", DATE(LEFT(L12,4),MID(L12,6,2),RIGHT(L12,2)), DATE(RIGHT(L12,4),MID(L12,4,2),LEFT(L12,2)) )) -> 45577 | L12: 2024-10-12 | M12: m. toth
A13: S001737 | B13: ARO-2024-00388 | C13: Aroma Chemical | D13: VERNIER | E13: =UPPER(D13) -> VERNIER | F13: Moisture_Pct | G13: 0.37 | H13: % | I13: 0 | J13: 1 | K13: =IF(L13="","", IF(MID(L13,5,1)="-", DATE(LEFT(L13,4),MID(L13,6,2),RIGHT(L13,2)), DATE(RIGHT(L13,4),MID(L13,4,2),LEFT(L13,2)) )) -> 45530 | L13: 2024-08-26 | M13: S. Fischer
... A15: S001274 | B15: ARO-2024-00285 | C15: Aroma Chemical | D15: vernier | E15: =UPPER(D15) -> VERNIER | F15: Residual_Solvent_ppm | G15: 48.04 | H15: ppm | I15: 0 | J15: 120 | K15: =IF(L15="","", IF(MID(L15,5,1)="-", DATE(LEFT(L15,4),MID(L15,6,2),RIGHT(L15,2)), DATE(RIGHT(L15,4),MID(L15,4,2),LEFT(L15,2)) )) -> 45529 | L15: 2024-08-25 | M15: P. Meier
A16: S001927 | B16: FOO-2024-00431 | C16: Food Ingredient Extract | D16: East Hanover | E16: =UPPER(D16) -> EAST HANOVER | F16: pH | G16: 6.7 | I16: 6 | J16: 7.5 | K16: =IF(L16="","", IF(MID(L16,5,1)="-", DATE(LEFT(L16,4),MID(L16,6,2),RIGHT(L16,2)), DATE(RIGHT(L16,4),MID(L16,4,2),LEFT(L16,2)) )) -> 45351 | L16: 2024-02-29 | M16: T. Weber
A17: S001545 | B17: FLA-2024-00344 | C17: Flavor Compound | D17: Vernier | E17: =UPPER(D17) -> VERNIER | F17: Purity_Pct | G17: 101.8 | H17: % | I17: 97 | J17: 100 | K17: =IF(L17="","", IF(MID(L17,5,1)="-", DATE(LEFT(L17,4),MID(L17,6,2),RIGHT(L17,2)), DATE(RIGHT(L17,4),MID(L17,4,2),LEFT(L17,2)) )) -> 45294 | L17: 2024-01-03 | M17: J. Nagy
A18: S001090 | B18: FOO-2025-00245 | C18: Food Ingredient Extract | D18: E. Hanover | E18: =UPPER(D18) -> E. HANOVER | F18: Particle_Size_um | G18: 184.37 | H18: um | I18: 150 | J18: 400 | K18: =IF(L18="","", IF(MID(L18,5,1)="-", DATE(LEFT(L18,4),MID(L18,6,2),RIGHT(L18,2)), DATE(RIGHT(L18,4),MID(L18,4,2),LEFT(L18,2)) )) -> 45827 | L18: 19/06/2025 | M18: A. Kovacs
A19: S001355 | B19: ESS-2024-00303 | C19: Essential Oil Blend | D19: dortmund | E19: =UPPER(D19) -> DORTMUND | F19: Density_g_ml | G19: 0.9 | H19: g/ml | I19: 0.88 | J19: 0.97 | K19: =IF(L19="","", IF(MID(L19,5,1)="-", DATE(LEFT(L19,4),MID(L19,6,2),RIGHT(L19,2)), DATE(RIGHT(L19,4),MID(L19,4,2),LEFT(L19,2)) )) -> 45654 | L19: 2024-12-28 | M19: K. Varga
A20: S000359 | B20: ESS-2025-00081 | C20: Essential Oil Blend | D20: Dortmund | E20: =UPPER(D20) -> DORTMUND | F20: Particle_Size_um | G20: 239.92 | H20: um | I20: 150 | J20: 400 | K20: =IF(L20="","", IF(MID(L20,5,1)="-", DATE(LEFT(L20,4),MID(L20,6,2),RIGHT(L20,2)), DATE(RIGHT(L20,4),MID(L20,4,2),LEFT(L20,2)) )) -> 45740 | L20: 2025-03-24 | M20: P. Meier
A21: S001328 | B21: ARO-2024-00296 | C21: Aroma Chemical | D21: Vernier CH | E21: =UPPER(D21) -> VERNIER CH | F21: Moisture_Pct | G21: 0.34 | H21: % | I21: 0 | J21: 1 | K21: =IF(L21="","", IF(MID(L21,5,1)="-", DATE(LEFT(L21,4),MID(L21,6,2),RIGHT(L21,2)), DATE(RIGHT(L21,4),MID(L21,4,2),LEFT(L21,2)) )) -> 45613 | L21: 2024-11-17 | M21: A. Kovacs
A22: S000197 | B22: ESS-2025-00045 | C22: Essential Oil Blend | D22: Dortmund DE | E22: =UPPER(D22) -> DORTMUND DE | F22: Residual_Solvent_ppm | G22: 41.98 | H22: ppm | I22: 0 | J22: 120 | K22: =IF(L22="","", IF(MID(L22,5,1)="-", DATE(LEFT(L22,4),MID(L22,6,2),RIGHT(L22,2)), DATE(RIGHT(L22,4),MID(L22,4,2),LEFT(L22,2)) )) -> 45887 | L22: 2025-08-18 | M22: T. Weber
A23: S001683 | B23: FRA-2024-00376 | C23: Fragrance Oil | D23: Ashford UK | E23: =UPPER(D23) -> ASHFORD UK | F23: Microbial_Count_CFU_g | G23: 4.69 | H23: CFU/g | I23: 0 | J23: 100 | K23: =IF(L23="","", IF(MID(L23,5,1)="-", DATE(LEFT(L23,4),MID(L23,6,2),RIGHT(L23,2)), DATE(RIGHT(L23,4),MID(L23,4,2),LEFT(L23,2)) )) -> 45409 | L23: 2024-04-27 | M23: J. Nagy
A24: S001692 | B24: ESS-2024-00379 | C24: Essential Oil Blend | D24: EAST HANOVER | E24: =UPPER(D24) -> EAST HANOVER | F24: Microbial_Count_CFU_g | G24: -25 | H24: CFU/g | I24: 0 | J24: 100 | K24: =IF(L24="","", IF(MID(L24,5,1)="-", DATE(LEFT(L24,4),MID(L24,6,2),RIGHT(L24,2)), DATE(RIGHT(L24,4),MID(L24,4,2),LEFT(L24,2)) )) -> 45330 | L24: 2024-02-08 | M24: S. Fischer
A25: S000611 | B25: FLA-2024-00138 | C25: Flavor Compound | D25: Ashford UK | E25: =UPPER(D25) -> ASHFORD UK | F25: Moisture_Pct | G25: 0.31 | H25: % | I25: 0 | J25: 1 | K25: =IF(L25="","", IF(MID(L25,5,1)="-", DATE(LEFT(L25,4),MID(L25,6,2),RIGHT(L25,2)), DATE(RIGHT(L25,4),MID(L25,4,2),LEFT(L25,2)) )) -> 45615 | L25: 19/11/2024 | M25: M. Toth
A26: S000362 | B26: FLA-2025-00082 | C26: Flavor Compound | D26: Ashford | E26: =UPPER(D26) -> ASHFORD | F26: Purity_Pct | H26: % | I26: 97 | J26: 100 | K26: =IF(L26="","", IF(MID(L26,5,1)="-", DATE(LEFT(L26,4),MID(L26,6,2),RIGHT(L26,2)), DATE(RIGHT(L26,4),MID(L26,4,2),LEFT(L26,2)) )) -> 45853 | L26: 2025-07-15 | M26: M. Toth
A27: S000003 | B27: ESS-2025-00001 | C27: Essential Oil Blend | D27: vernier | E27: =UPPER(D27) -> VERNIER | F27: Particle_Size_um | G27: 215.63 | H27: um | I27: 150 | J27: 400 | K27: =IF(L27="","", IF(MID(L27,5,1)="-", DATE(LEFT(L27,4),MID(L27,6,2),RIGHT(L27,2)), DATE(RIGHT(L27,4),MID(L27,4,2),LEFT(L27,2)) )) -> 45769 | L27: 2025-04-22 | M27: M. Toth
A28: S000667 | B28: FLA-2024-00152 | C28: Flavor Compound | D28: Budapest | E28: =UPPER(D28) -> BUDAPEST | F28: Particle_Size_um | G28: 253.19 | H28: um | I28: 150 | J28: 400 | K28: =IF(L28="","", IF(MID(L28,5,1)="-", DATE(LEFT(L28,4),MID(L28,6,2),RIGHT(L28,2)), DATE(RIGHT(L28,4),MID(L28,4,2),LEFT(L28,2)) )) -> 45643 | L28: 2024-12-17 | M28: S. Fischer
A29: S000528 | B29: ARO-2024-00119 | C29: Aroma Chemical | D29: E. Hanover | E29: =UPPER(D29) -> E. HANOVER | F29: Residual_Solvent_ppm | G29: 45.4 | H29: ppm | I29: 0 | J29: 120 | K29: =IF(L29="","", IF(MID(L29,5,1)="-", DATE(LEFT(L29,4),MID(L29,6,2),RIGHT(L29,2)), DATE(RIGHT(L29,4),MID(L29,4,2),LEFT(L29,2)) )) -> 45374 | L29: 2024-03-23 | M29: A. Kovacs
A30: S001118 | B30: FOO-2025-00251 | C30: Food Ingredient Extract | D30: Budapest | E30: =UPPER(D30) -> BUDAPEST | F30: Purity_Pct | G30: 97.88 | H30: % | I30: 97 | J30: 100 | K30: =IF(L30="","", IF(MID(L30,5,1)="-", DATE(LEFT(L30,4),MID(L30,6,2),RIGHT(L30,2)), DATE(RIGHT(L30,4),MID(L30,4,2),LEFT(L30,2)) )) -> 45969 | L30: 2025-11-08 | M30: J NAGY
A31: S000703 | B31: FRA-2024-00160 | C31: Fragrance Oil | D31: Dortmund DE | E31: =UPPER(D31) -> DORTMUND DE | F31: Moisture_Pct | G31: 0.4 | H31: % | I31: 0 | J31: 1 | K31: =IF(L31="","", IF(MID(L31,5,1)="-", DATE(LEFT(L31,4),MID(L31,6,2),RIGHT(L31,2)), DATE(RIGHT(L31,4),MID(L31,4,2),LEFT(L31,2)) )) -> 45386 | L31: 2024-04-04 | M31: K. Varga
A32: S000603 | B32: FRA-2025-00136 | C32: Fragrance Oil | D32: ashford | E32: =UPPER(D32) -> ASHFORD | F32: Residual_Solvent_ppm | G32: 50.68 | H32: ppm | I32: 0 | J32: 120 | K32: =IF(L32="","", IF(MID(L32,5,1)="-", DATE(LEFT(L32,4),MID(L32,6,2),RIGHT(L32,2)), DATE(RIGHT(L32,4),MID(L32,4,2),LEFT(L32,2)) )) -> 45824 | L32: 2025-06-16 | M32: A. Kovacs
A33: S000659 | B33: FRA-2025-00150 | C33: Fragrance Oil | D33: VERNIER | E33: =UPPER(D33) -> VERNIER | F33: Particle_Size_um | G33: 244.91 | H33: um | I33: 150 | J33: 400 | K33: =IF(L33="","", IF(MID(L33,5,1)="-", DATE(LEFT(L33,4),MID(L33,6,2),RIGHT(L33,2)), DATE(RIGHT(L33,4),MID(L33,4,2),LEFT(L33,2)) )) -> 45774 | L33: 2025-04-27 | M33: P. Meier
A34: S001918 | B34: FLA-2024-00429 | C34: Flavor Compound | D34: vernier | E34: =UPPER(D34) -> VERNIER | F34: pH | G34: 6.76 | I34: 6 | J34: 7.5 | K34: =IF(L34="","", IF(MID(L34,5,1)="-", DATE(LEFT(L34,4),MID(L34,6,2),RIGHT(L34,2)), DATE(RIGHT(L34,4),MID(L34,4,2),LEFT(L34,2)) )) -> 45431 | L34: 2024-05-19 | M34: J. Nagy
A35: S001825 | B35: ESS-2024-00408 | C35: Essential Oil Blend | D35: Budapest | E35: =UPPER(D35) -> BUDAPEST | F35: Density_g_ml | G35: 0.89 | H35: g/ml | I35: 0.88 | J35: 0.97 | K35: =IF(L35="","", IF(MID(L35,5,1)="-", DATE(LEFT(L35,4),MID(L35,6,2),RIGHT(L35,2)), DATE(RIGHT(L35,4),MID(L35,4,2),LEFT(L35,2)) )) -> 45350 | L35: 2024-02-28 | M35: A. Kovacs
A36: S000763 | B36: ARO-2024-00172 | C36: Aroma Chemical | D36: Budapest | E36: =UPPER(D36) -> BUDAPEST | F36: Purity_Pct | G36: 98.67 | H36: % | I36: 97 | J36: 100 | K36: =IF(L36="","", IF(MID(L36,5,1)="-", DATE(LEFT(L36,4),MID(L36,6,2),RIGHT(L36,2)), DATE(RIGHT(L36,4),MID(L36,4,2),LEFT(L36,2)) )) -> 45655 | L36: 2024-12-29 | M36: S. Fischer
A37: S000375 | B37: ARO-2025-00085 | C37: Aroma Chemical | D37: Dortmund | E37: =UPPER(D37) -> DORTMUND | F37: Density_g_ml | G37: 0.79 | H37: g/ml | I37: 0.88 | J37: 0.97 | K37: =IF(L37="","", IF(MID(L37,5,1)="-", DATE(LEFT(L37,4),MID(L37,6,2),RIGHT(L37,2)), DATE(RIGHT(L37,4),MID(L37,4,2),LEFT(L37,2)) )) -> 45739 | L37: 2025-03-23 | M37: m. toth
A38: S001960 | B38: FRA-2024-00438 | C38: Fragrance Oil | D38: Budapest Site | E38: =UPPER(D38) -> BUDAPEST SITE | F38: Moisture_Pct | G38: 0.21 | H38: % | I38: 0 | J38: 1 | K38: =IF(L38="","", IF(MID(L38,5,1)="-", DATE(LEFT(L38,4),MID(L38,6,2),RIGHT(L38,2)), DATE(RIGHT(L38,4),MID(L38,4,2),LEFT(L38,2)) )) -> 45543 | L38: 2024-09-08 | M38: P. Meier
A39: S000673 | B39: FOO-2025-00153 | C39: Food Ingredient Extract | D39: Dortmund DE | E39: =UPPER(D39) -> DORTMUND DE | F39: Purity_Pct | G39: 98.78 | H39: % | I39: 97 | J39: 100 | K39: =IF(L39="","", IF(MID(L39,5,1)="-", DATE(LEFT(L39,4),MID(L39,6,2),RIGHT(L39,2)), DATE(RIGHT(L39,4),MID(L39,4,2),LEFT(L39,2)) )) -> 45845 | L39: 07/07/2025 | M39: A. Kovacs
A40: S001038 | B40: FOO-2024-00233 | C40: Food Ingredient Extract | D40: dortmund | E40: =UPPER(D40) -> DORTMUND | F40: Microbial_Count_CFU_g | G40: -27.76 | H40: CFU/g | I40: 0 | J40: 100 | K40: =IF(L40="","", IF(MID(L40,5,1)="-", DATE(LEFT(L40,4),MID(L40,6,2),RIGHT(L40,2)), DATE(RIGHT(L40,4),MID(L40,4,2),LEFT(L40,2)) )) -> 45452 | L40: 2024-06-09 | M40: K. Varga
A41: S000946 | B41: FLA-2024-00214 | C41: Flavor Compound | D41: E. Hanover | E41: =UPPER(D41) -> E. HANOVER | F41: Microbial_Count_CFU_g | G41: 30.04 | H41: CFU/g | I41: 0 | J41: 100 | K41: =IF(L41="","", IF(MID(L41,5,1)="-", DATE(LEFT(L41,4),MID(L41,6,2),RIGHT(L41,2)), DATE(RIGHT(L41,4),MID(L41,4,2),LEFT(L41,2)) )) -> 45398 | L41: 2024-04-16 | M41: M. Toth
A42: S000545 | B42: FLA-2024-00123 | C42: Flavor Compound | D42: Dortmund | E42: =UPPER(D42) -> DORTMUND | F42: Particle_Size_um | G42: 231.5 | H42: um | I42: 150 | J42: 400 | K42: =IF(L42="","", IF(MID(L42,5,1)="-", DATE(LEFT(L42,4),MID(L42,6,2),RIGHT(L42,2)), DATE(RIGHT(L42,4),MID(L42,4,2),LEFT(L42,2)) )) -> 45564 | L42: 2024-09-29 | M42: K. Varga
A43: S001697 | B43: FRA-2024-00380 | C43: Fragrance Oil | D43: EAST HANOVER | E43: =UPPER(D43) -> EAST HANOVER | F43: Residual_Solvent_ppm | G43: 14.22 | H43: ppm | I43: 0 | J43: 120 | K43: =IF(L43="","", IF(MID(L43,5,1)="-", DATE(LEFT(L43,4),MID(L43,6,2),RIGHT(L43,2)), DATE(RIGHT(L43,4),MID(L43,4,2),LEFT(L43,2)) )) -> 45461 | L43: 2024-06-18 | M43: K. Varga
A44: S001670 | B44: FRA-2025-00374 | C44: Fragrance Oil | D44: E. Hanover | E44: =UPPER(D44) -> E. HANOVER | F44: Residual_Solvent_ppm | G44: 45.13 | H44: ppm | I44: 0 | J44: 120 | K44: =IF(L44="","", IF(MID(L44,5,1)="-", DATE(LEFT(L44,4),MID(L44,6,2),RIGHT(L44,2)), DATE(RIGHT(L44,4),MID(L44,4,2),LEFT(L44,2)) )) -> 45703 | L44: 2025-02-15 | M44: m. toth
A45: S000607 | B45: ARO-2024-00137 | C45: Aroma Chemical | D45: Vernier CH | E45: =UPPER(D45) -> VERNIER CH | F45: Purity_Pct | G45: 98.61 | H45: % | I45: 97 | J45: 100 | K45: =IF(L45="","", IF(MID(L45,5,1)="-", DATE(LEFT(L45,4),MID(L45,6,2),RIGHT(L45,2)), DATE(RIGHT(L45,4),MID(L45,4,2),LEFT(L45,2)) )) -> 45510 | L45: 2024-08-06 | M45: P. Meier
A46: S000502 | B46: FLA-2025-00112 | C46: Flavor Compound | D46: budapest | E46: =UPPER(D46) -> BUDAPEST | F46: Moisture_Pct | G46: 0.11 | H46: % | I46: 0 | J46: 1 | K46: =IF(L46="","", IF(MID(L46,5,1)="-", DATE(LEFT(L46,4),MID(L46,6,2),RIGHT(L46,2)), DATE(RIGHT(L46,4),MID(L46,4,2),LEFT(L46,2)) )) -> 46020 | L46: 2025-12-29 | M46: T. Weber
... A53: S000695 | B53: FOO-2025-00158 | C53: Food Ingredient Extract | D53: E. Hanover | E53: =UPPER(D53) -> E. HANOVER | F53: Moisture_Pct | G53: 0.2 | H53: % | I53: 0 | J53: 1 | K53: =IF(L53="","", IF(MID(L53,5,1)="-", DATE(LEFT(L53,4),MID(L53,6,2),RIGHT(L53,2)), DATE(RIGHT(L53,4),MID(L53,4,2),LEFT(L53,2)) )) -> 45845 | L53: 2025-07-07 | M53: J. Nagy
A54: S000285 | B54: FLA-2025-00065 | C54: Flavor Compound | D54: EAST HANOVER | E54: =UPPER(D54) -> EAST HANOVER | F54: Particle_Size_um | H54: um | I54: 150 | J54: 400 | K54: =IF(L54="","", IF(MID(L54,5,1)="-", DATE(LEFT(L54,4),MID(L54,6,2),RIGHT(L54,2)), DATE(RIGHT(L54,4),MID(L54,4,2),LEFT(L54,2)) )) -> 45884 | L54: 2025-08-15 | M54: S. Fischer
A55: S000413 | B55: FOO-2025-00094 | C55: Food Ingredient Extract | D55: VERNIER | E55: =UPPER(D55) -> VERNIER | F55: Purity_Pct | G55: 98.92 | H55: % | I55: 97 | J55: 100 | K55: =IF(L55="","", IF(MID(L55,5,1)="-", DATE(LEFT(L55,4),MID(L55,6,2),RIGHT(L55,2)), DATE(RIGHT(L55,4),MID(L55,4,2),LEFT(L55,2)) )) -> 45715 | L55: 2025-02-27 | M55: L. Rossi
A56: S001305 | B56: ESS-2025-00291 | C56: Essential Oil Blend | D56: East Hanover | E56: =UPPER(D56) -> EAST HANOVER | F56: Moisture_Pct | G56: 0.36 | H56: % | I56: 0 | J56: 1 | K56: =IF(L56="","", IF(MID(L56,5,1)="-", DATE(LEFT(L56,4),MID(L56,6,2),RIGHT(L56,2)), DATE(RIGHT(L56,4),MID(L56,4,2),LEFT(L56,2)) )) -> 45950 | L56: 2025-10-20 | M56: S. Fischer
A57: S001412 | B57: ESS-2024-00315 | C57: Essential Oil Blend | D57: ashford | E57: =UPPER(D57) -> ASHFORD | F57: Particle_Size_um | G57: 246.32 | H57: um | I57: 150 | J57: 400 | K57: =IF(L57="","", IF(MID(L57,5,1)="-", DATE(LEFT(L57,4),MID(L57,6,2),RIGHT(L57,2)), DATE(RIGHT(L57,4),MID(L57,4,2),LEFT(L57,2)) )) -> 45566 | L57: 01/10/2024 | M57: P. Meier
A58: S001982 | B58: ESS-2025-00443 | C58: Essential Oil Blend | D58: Ashford UK | E58: =UPPER(D58) -> ASHFORD UK | F58: Microbial_Count_CFU_g | G58: -50.75 | H58: CFU/g | I58: 0 | J58: 100 | K58: =IF(L58="","", IF(MID(L58,5,1)="-", DATE(LEFT(L58,4),MID(L58,6,2),RIGHT(L58,2)), DATE(RIGHT(L58,4),MID(L58,4,2),LEFT(L58,2)) )) -> 45844 | L58: 2025-07-06 | M58: L. Rossi
A59: S001842 | B59: ESS-2025-00412 | C59: Essential Oil Blend | D59: Budapest Site | E59: =UPPER(D59) -> BUDAPEST SITE | F59: Microbial_Count_CFU_g | G59: 23.3 | H59: CFU/g | I59: 0 | J59: 100 | K59: =IF(L59="","", IF(MID(L59,5,1)="-", DATE(LEFT(L59,4),MID(L59,6,2),RIGHT(L59,2)), DATE(RIGHT(L59,4),MID(L59,4,2),LEFT(L59,2)) )) -> 45999 | L59: 2025-12-08 | M59: A. Kovacs
A60: S001443 | B60: FOO-2025-00322 | C60: Food Ingredient Extract | D60: East Hanover | E60: =UPPER(D60) -> EAST HANOVER | F60: Microbial_Count_CFU_g | G60: -21.13 | H60: CFU/g | I60: 0 | J60: 100 | K60: =IF(L60="","", IF(MID(L60,5,1)="-", DATE(LEFT(L60,4),MID(L60,6,2),RIGHT(L60,2)), DATE(RIGHT(L60,4),MID(L60,4,2),LEFT(L60,2)) )) -> 45766 | L60: 2025-04-19 | M60: S. Fischer
A61: S000340 | B61: FRA-2024-00077 | C61: Fragrance Oil | D61: VERNIER | E61: =UPPER(D61) -> VERNIER | F61: Moisture_Pct | G61: 0.46 | H61: % | I61: 0 | J61: 1 | K61: =IF(L61="","", IF(MID(L61,5,1)="-", DATE(LEFT(L61,4),MID(L61,6,2),RIGHT(L61,2)), DATE(RIGHT(L61,4),MID(L61,4,2),LEFT(L61,2)) )) -> 45300 | L61: 2024-01-09 | M61: A. Kovacs
A62: S000364 | B62: FLA-2025-00082 | C62: Flavor Compound | D62: Ashford | E62: =UPPER(D62) -> ASHFORD | F62: pH | G62: 7.06 | I62: 6 | J62: 7.5 | K62: =IF(L62="","", IF(MID(L62,5,1)="-", DATE(LEFT(L62,4),MID(L62,6,2),RIGHT(L62,2)), DATE(RIGHT(L62,4),MID(L62,4,2),LEFT(L62,2)) )) -> 45853 | L62: 2025-07-15 | M62: M. Toth
A63: S000904 | B63: ARO-2025-00204 | C63: Aroma Chemical | D63: vernier | E63: =UPPER(D63) -> VERNIER | F63: Moisture_Pct | G63: 0.44 | H63: % | I63: 0 | J63: 1 | K63: =IF(L63="","", IF(MID(L63,5,1)="-", DATE(LEFT(L63,4),MID(L63,6,2),RIGHT(L63,2)), DATE(RIGHT(L63,4),MID(L63,4,2),LEFT(L63,2)) )) -> 45864 | L63: 2025-07-26 | M63: M. Toth
A64: S001012 | B64: FRA-2024-00228 | C64: Fragrance Oil | D64: dortmund | E64: =UPPER(D64) -> DORTMUND | F64: Microbial_Count_CFU_g | G64: 18.95 | H64: CFU/g | I64: 0 | J64: 100 | K64: =IF(L64="","", IF(MID(L64,5,1)="-", DATE(LEFT(L64,4),MID(L64,6,2),RIGHT(L64,2)), DATE(RIGHT(L64,4),MID(L64,4,2),LEFT(L64,2)) )) -> 45544 | L64: 2024-09-09 | M64: L. Rossi
A65: S001679 | B65: FRA-2024-00376 | C65: Fragrance Oil | D65: Ashford UK | E65: =UPPER(D65) -> ASHFORD UK | F65: Purity_Pct | G65: 101.8 | H65: % | I65: 97 | J65: 100 | K65: =IF(L65="","", IF(MID(L65,5,1)="-", DATE(LEFT(L65,4),MID(L65,6,2),RIGHT(L65,2)), DATE(RIGHT(L65,4),MID(L65,4,2),LEFT(L65,2)) )) -> 45409 | L65: 2024-04-27 | M65: m. toth
A66: S000736 | B66: ARO-2024-00167 | C66: Aroma Chemical | D66: dortmund | E66: =UPPER(D66) -> DORTMUND | F66: Residual_Solvent_ppm | G66: 52.51 | H66: ppm | I66: 0 | J66: 120 | K66: =IF(L66="","", IF(MID(L66,5,1)="-", DATE(LEFT(L66,4),MID(L66,6,2),RIGHT(L66,2)), DATE(RIGHT(L66,4),MID(L66,4,2),LEFT(L66,2)) )) -> 45638 | L66: 2024-12-12 | M66: S. Fischer
A67: S000387 | B67: ARO-2024-00088 | C67: Aroma Chemical | D67: Ashford UK | E67: =UPPER(D67) -> ASHFORD UK | F67: Moisture_Pct | G67: 0.41 | H67: % | I67: 0 | J67: 1 | K67: =IF(L67="","", IF(MID(L67,5,1)="-", DATE(LEFT(L67,4),MID(L67,6,2),RIGHT(L67,2)), DATE(RIGHT(L67,4),MID(L67,4,2),LEFT(L67,2)) )) -> 45416 | L67: 2024-05-04 | M67: T. Weber
A68: S001509 | B68: FLA-2025-00336 | C68: Flavor Compound | D68: budapest | E68: =UPPER(D68) -> BUDAPEST | F68: Residual_Solvent_ppm | G68: 34.86 | H68: ppm | I68: 0 | J68: 120 | K68: =IF(L68="","", IF(MID(L68,5,1)="-", DATE(LEFT(L68,4),MID(L68,6,2),RIGHT(L68,2)), DATE(RIGHT(L68,4),MID(L68,4,2),LEFT(L68,2)) )) -> 45686 | L68: 2025-01-29 | M68: T. Weber
A69: S001150 | B69: FOO-2025-00258 | C69: Food Ingredient Extract | D69: E. Hanover | E69: =UPPER(D69) -> E. HANOVER | F69: Residual_Solvent_ppm | G69: 65.31 | H69: ppm | I69: 0 | J69: 120 | K69: =IF(L69="","", IF(MID(L69,5,1)="-", DATE(LEFT(L69,4),MID(L69,6,2),RIGHT(L69,2)), DATE(RIGHT(L69,4),MID(L69,4,2),LEFT(L69,2)) )) -> 45955 | L69: 25/10/2025 | M69: P. Meier
A70: S000838 | B70: FLA-2025-00190 | C70: Flavor Compound | D70: Ashford UK | E70: =UPPER(D70) -> ASHFORD UK | F70: Moisture_Pct | G70: 0.34 | H70: % | I70: 0 | J70: 1 | K70: =IF(L70="","", IF(MID(L70,5,1)="-", DATE(LEFT(L70,4),MID(L70,6,2),RIGHT(L70,2)), DATE(RIGHT(L70,4),MID(L70,4,2),LEFT(L70,2)) )) -> 45885 | L70: 2025-08-16 | M70: A. Kovacs
A71: S001664 | B71: FRA-2025-00372 | C71: Fragrance Oil | D71: ashford | E71: =UPPER(D71) -> ASHFORD | F71: pH | G71: 6.37 | I71: 6 | J71: 7.5 | K71: =IF(L71="","", IF(MID(L71,5,1)="-", DATE(LEFT(L71,4),MID(L71,6,2),RIGHT(L71,2)), DATE(RIGHT(L71,4),MID(L71,4,2),LEFT(L71,2)) )) -> 45777 | L71: 2025-04-30 | M71: P. Meier
A72: S000639 | B72: ESS-2025-00145 | C72: Essential Oil Blend | D72: Ashford | E72: =UPPER(D72) -> ASHFORD | F72: Particle_Size_um | G72: 237.51 | H72: um | I72: 150 | J72: 400 | K72: =IF(L72="","", IF(MID(L72,5,1)="-", DATE(LEFT(L72,4),MID(L72,6,2),RIGHT(L72,2)), DATE(RIGHT(L72,4),MID(L72,4,2),LEFT(L72,2)) )) -> 45860 | L72: 2025-07-22 | M72: S. Fischer
A73: S001171 | B73: ARO-2024-00263 | C73: Aroma Chemical | D73: Budapest | E73: =UPPER(D73) -> BUDAPEST | F73: Density_g_ml | G73: 0.92 | H73: g/ml | I73: 0.88 | J73: 0.97 | K73: =IF(L73="","", IF(MID(L73,5,1)="-", DATE(LEFT(L73,4),MID(L73,6,2),RIGHT(L73,2)), DATE(RIGHT(L73,4),MID(L73,4,2),LEFT(L73,2)) )) -> 45304 | L73: 2024-01-13 | M73: J. Nagy
A74: S001638 | B74: FOO-2024-00367 | C74: Food Ingredient Extract | D74: dortmund | E74: =UPPER(D74) -> DORTMUND | F74: Residual_Solvent_ppm | G74: 54.35 | H74: ppm | I74: 0 | J74: 120 | K74: =IF(L74="","", IF(MID(L74,5,1)="-", DATE(LEFT(L74,4),MID(L74,6,2),RIGHT(L74,2)), DATE(RIGHT(L74,4),MID(L74,4,2),LEFT(L74,2)) )) -> 45610 | L74: 2024-11-14 | M74: T. Weber
A75: S001446 | B75: FLA-2024-00323 | C75: Flavor Compound | D75: Ashford | E75: =UPPER(D75) -> ASHFORD | F75: Particle_Size_um | G75: 242.7 | H75: um | I75: 150 | J75: 400 | K75: =IF(L75="","", IF(MID(L75,5,1)="-", DATE(LEFT(L75,4),MID(L75,6,2),RIGHT(L75,2)), DATE(RIGHT(L75,4),MID(L75,4,2),LEFT(L75,2)) )) -> 45392 | L75: 2024-04-10 | M75: P. Meier
A76: S001280 | B76: ESS-2025-00286 | C76: Essential Oil Blend | D76: Ashford | E76: =UPPER(D76) -> ASHFORD | F76: Density_g_ml | G76: 0.92 | H76: g/ml | I76: 0.88 | J76: 0.97 | K76: =IF(L76="","", IF(MID(L76,5,1)="-", DATE(LEFT(L76,4),MID(L76,6,2),RIGHT(L76,2)), DATE(RIGHT(L76,4),MID(L76,4,2),LEFT(L76,2)) )) -> 45979 | L76: 18/11/2025 | M76: P. Meier
A77: S000300 | B77: FOO-2025-00068 | C77: Food Ingredient Extract | D77: Ashford | E77: =UPPER(D77) -> ASHFORD | F77: Moisture_Pct | G77: 0.41 | H77: % | I77: 0 | J77: 1 | K77: =IF(L77="","", IF(MID(L77,5,1)="-", DATE(LEFT(L77,4),MID(L77,6,2),RIGHT(L77,2)), DATE(RIGHT(L77,4),MID(L77,4,2),LEFT(L77,2)) )) -> 45874 | L77: 2025-08-05 | M77: A. Kovacs
A78: S000977 | B78: FLA-2025-00221 | C78: Flavor Compound | D78: Dortmund | E78: =UPPER(D78) -> DORTMUND | F78: Purity_Pct | G78: 98.76 | H78: % | I78: 97 | J78: 100 | K78: =IF(L78="","", IF(MID(L78,5,1)="-", DATE(LEFT(L78,4),MID(L78,6,2),RIGHT(L78,2)), DATE(RIGHT(L78,4),MID(L78,4,2),LEFT(L78,2)) )) -> 46008 | L78: 2025-12-17 | M78: J. Nagy
A79: S001859 | B79: ESS-2025-00416 | C79: Essential Oil Blend | D79: Ashford UK | E79: =UPPER(D79) -> ASHFORD UK | F79: Residual_Solvent_ppm | G79: -13.42 | H79: ppm | I79: 0 | J79: 120 | K79: =IF(L79="","", IF(MID(L79,5,1)="-", DATE(LEFT(L79,4),MID(L79,6,2),RIGHT(L79,2)), DATE(RIGHT(L79,4),MID(L79,4,2),LEFT(L79,2)) )) -> 45668 | L79: 2025-01-11 | M79: T. Weber
A80: S000109 | B80: ARO-2025-00025 | C80: Aroma Chemical | D80: EAST HANOVER | E80: =UPPER(D80) -> EAST HANOVER | F80: Density_g_ml | G80: 0.9 | H80: g/ml | I80: 0.88 | J80: 0.97 | K80: =IF(L80="","", IF(MID(L80,5,1)="-", DATE(LEFT(L80,4),MID(L80,6,2),RIGHT(L80,2)), DATE(RIGHT(L80,4),MID(L80,4,2),LEFT(L80,2)) )) -> 45924 | L80: 2025-09-24 | M80: J NAGY
A81: S001472 | B81: ESS-2024-00328 | C81: Essential Oil Blend | D81: ashford | E81: =UPPER(D81) -> ASHFORD | F81: Microbial_Count_CFU_g | G81: 40.64 | H81: CFU/g | I81: 0 | J81: 100 | K81: =IF(L81="","", IF(MID(L81,5,1)="-", DATE(LEFT(L81,4),MID(L81,6,2),RIGHT(L81,2)), DATE(RIGHT(L81,4),MID(L81,4,2),LEFT(L81,2)) )) -> 45399 | L81: 2024-04-17 | M81: K. Varga
A82: S001583 | B82: FLA-2025-00353 | C82: Flavor Compound | D82: BUD | E82: =UPPER(D82) -> BUD | F82: Particle_Size_um | G82: 239.96 | H82: um | I82: 150 | J82: 400 | K82: =IF(L82="","", IF(MID(L82,5,1)="-", DATE(LEFT(L82,4),MID(L82,6,2),RIGHT(L82,2)), DATE(RIGHT(L82,4),MID(L82,4,2),LEFT(L82,2)) )) -> 45973 | L82: 2025-11-12 | M82: K. Varga
A83: S000518 | B83: FOO-2025-00116 | C83: Food Ingredient Extract | D83: Vernier CH | E83: =UPPER(D83) -> VERNIER CH | F83: pH | G83: 7.19 | I83: 6 | J83: 7.5 | K83: =IF(L83="","", IF(MID(L83,5,1)="-", DATE(LEFT(L83,4),MID(L83,6,2),RIGHT(L83,2)), DATE(RIGHT(L83,4),MID(L83,4,2),LEFT(L83,2)) )) -> 46008 | L83: 2025-12-17 | M83: J. Nagy
A84: S001017 | B84: FRA-2025-00229 | C84: Fragrance Oil | D84: Budapest | E84: =UPPER(D84) -> BUDAPEST | F84: Particle_Size_um | G84: 308.03 | H84: um | I84: 150 | J84: 400 | K84: =IF(L84="","", IF(MID(L84,5,1)="-", DATE(LEFT(L84,4),MID(L84,6,2),RIGHT(L84,2)), DATE(RIGHT(L84,4),MID(L84,4,2),LEFT(L84,2)) )) -> 45789 | L84: 2025-05-12 | M84: J NAGY
A85: S001016 | B85: FRA-2025-00229 | C85: Fragrance Oil | D85: Budapest Site | E85: =UPPER(D85) -> BUDAPEST SITE | F85: Density_g_ml | G85: 0.93 | H85: g/ml | I85: 0.88 | J85: 0.97 | K85: =IF(L85="","", IF(MID(L85,5,1)="-", DATE(LEFT(L85,4),MID(L85,6,2),RIGHT(L85,2)), DATE(RIGHT(L85,4),MID(L85,4,2),LEFT(L85,2)) )) -> 45789 | L85: 2025-05-12 | M85: M. Toth
A86: S001184 | B86: ARO-2024-00265 | C86: Aroma Chemical | D86: Ashford | E86: =UPPER(D86) -> ASHFORD | F86: Microbial_Count_CFU_g | G86: -1.3 | H86: CFU/g | I86: 0 | J86: 100 | K86: =IF(L86="","", IF(MID(L86,5,1)="-", DATE(LEFT(L86,4),MID(L86,6,2),RIGHT(L86,2)), DATE(RIGHT(L86,4),MID(L86,4,2),LEFT(L86,2)) )) -> 45534 | L86: 2024-08-30 | M86: A. Kovacs
A87: S001230 | B87: FRA-2024-00275 | C87: Fragrance Oil | D87: Vernier CH | E87: =UPPER(D87) -> VERNIER CH | F87: Microbial_Count_CFU_g | G87: 13.81 | H87: CFU/g | I87: 0 | J87: 100 | K87: =IF(L87="","", IF(MID(L87,5,1)="-", DATE(LEFT(L87,4),MID(L87,6,2),RIGHT(L87,2)), DATE(RIGHT(L87,4),MID(L87,4,2),LEFT(L87,2)) )) -> 45517 | L87: 2024-08-13 | M87: T. Weber
A88: S001973 | B88: ESS-2025-00441 | C88: Essential Oil Blend | D88: EAST HANOVER | E88: =UPPER(D88) -> EAST HANOVER | F88: Residual_Solvent_ppm | G88: 28.51 | H88: ppm | I88: 0 | J88: 120 | K88: =IF(L88="","", IF(MID(L88,5,1)="-", DATE(LEFT(L88,4),MID(L88,6,2),RIGHT(L88,2)), DATE(RIGHT(L88,4),MID(L88,4,2),LEFT(L88,2)) )) -> 45889 | L88: 2025-08-20 | M88: M. Toth
A89: S001532 | B89: ESS-2024-00341 | C89: Essential Oil Blend | D89: East Hanover | E89: =UPPER(D89) -> EAST HANOVER | F89: Purity_Pct | G89: 95.2 | H89: % | I89: 97 | J89: 100 | K89: =IF(L89="","", IF(MID(L89,5,1)="-", DATE(LEFT(L89,4),MID(L89,6,2),RIGHT(L89,2)), DATE(RIGHT(L89,4),MID(L89,4,2),LEFT(L89,2)) )) -> 45542 | L89: 2024-09-07 | M89: J NAGY
A90: S001606 | B90: FRA-2024-00358 | C90: Fragrance Oil | D90: ashford | E90: =UPPER(D90) -> ASHFORD | F90: pH | G90: 6.05 | I90: 6 | J90: 7.5 | K90: =IF(L90="","", IF(MID(L90,5,1)="-", DATE(LEFT(L90,4),MID(L90,6,2),RIGHT(L90,2)), DATE(RIGHT(L90,4),MID(L90,4,2),LEFT(L90,2)) )) -> 45316 | L90: 2024-01-25 | M90: S. Fischer
A91: S001466 | B91: ESS-2025-00327 | C91: Essential Oil Blend | D91: ashford | E91: =UPPER(D91) -> ASHFORD | F91: Density_g_ml | G91: 0.94 | H91: g/ml | I91: 0.88 | J91: 0.97 | K91: =IF(L91="","", IF(MID(L91,5,1)="-", DATE(LEFT(L91,4),MID(L91,6,2),RIGHT(L91,2)), DATE(RIGHT(L91,4),MID(L91,4,2),LEFT(L91,2)) )) -> 45825 | L91: 2025-06-17 | M91: T. Weber
A92: S001498 | B92: FRA-2024-00334 | C92: Fragrance Oil | D92: East Hanover | E92: =UPPER(D92) -> EAST HANOVER | F92: Moisture_Pct | G92: 0.38 | H92: % | I92: 0 | J92: 1 | K92: =IF(L92="","", IF(MID(L92,5,1)="-", DATE(LEFT(L92,4),MID(L92,6,2),RIGHT(L92,2)), DATE(RIGHT(L92,4),MID(L92,4,2),LEFT(L92,2)) )) -> 45385 | L92: 2024-04-03 | M92: S. Fischer
A93: S001331 | B93: ARO-2025-00297 | C93: Aroma Chemical | D93: EAST HANOVER | E93: =UPPER(D93) -> EAST HANOVER | F93: Moisture_Pct | G93: 0.57 | H93: % | I93: 0 | J93: 1 | K93: =IF(L93="","", IF(MID(L93,5,1)="-", DATE(LEFT(L93,4),MID(L93,6,2),RIGHT(L93,2)), DATE(RIGHT(L93,4),MID(L93,4,2),LEFT(L93,2)) )) -> 45826 | L93: 2025-06-18 | M93: K. Varga
A94: S000331 | B94: FRA-2024-00075 | C94: Fragrance Oil | D94: EAST HANOVER | E94: =UPPER(D94) -> EAST HANOVER | F94: Moisture_Pct | G94: 0.45 | H94: % | I94: 0 | J94: 1 | K94: =IF(L94="","", IF(MID(L94,5,1)="-", DATE(LEFT(L94,4),MID(L94,6,2),RIGHT(L94,2)), DATE(RIGHT(L94,4),MID(L94,4,2),LEFT(L94,2)) )) -> 45460 | L94: 2024-06-17 | M94: A. Kovacs
A95: S001432 | B95: ARO-2025-00319 | C95: Aroma Chemical | D95: dortmund | E95: =UPPER(D95) -> DORTMUND | F95: Moisture_Pct | G95: 0.58 | H95: % | I95: 0 | J95: 1 | K95: =IF(L95="","", IF(MID(L95,5,1)="-", DATE(LEFT(L95,4),MID(L95,6,2),RIGHT(L95,2)), DATE(RIGHT(L95,4),MID(L95,4,2),LEFT(L95,2)) )) -> 45915 | L95: 2025-09-15 | M95: P. Meier
A96: S000230 | B96: FLA-2024-00053 | C96: Flavor Compound | D96: Budapest | E96: =UPPER(D96) -> BUDAPEST | F96: Purity_Pct | G96: 98.9 | H96: % | I96: 97 | J96: 100 | K96: =IF(L96="","", IF(MID(L96,5,1)="-", DATE(LEFT(L96,4),MID(L96,6,2),RIGHT(L96,2)), DATE(RIGHT(L96,4),MID(L96,4,2),LEFT(L96,2)) )) -> 45413 | L96: 2024-05-01 | M96: P. Meier
A97: S000173 | B97: FOO-2025-00041 | C97: Food Ingredient Extract | D97: Dortmund | E97: =UPPER(D97) -> DORTMUND | F97: Density_g_ml | G97: 0.96 | H97: g/ml | I97: 0.88 | J97: 0.97 | K97: =IF(L97="","", IF(MID(L97,5,1)="-", DATE(LEFT(L97,4),MID(L97,6,2),RIGHT(L97,2)), DATE(RIGHT(L97,4),MID(L97,4,2),LEFT(L97,2)) )) -> 46013 | L97: 2025-12-22 | M97: T. Weber
A98: S000451 | B98: FLA-2025-00101 | C98: Flavor Compound | D98: Vernier | E98: =UPPER(D98) -> VERNIER | F98: Purity_Pct | G98: 99.01 | H98: % | I98: 97 | J98: 100 | K98: =IF(L98="","", IF(MID(L98,5,1)="-", DATE(LEFT(L98,4),MID(L98,6,2),RIGHT(L98,2)), DATE(RIGHT(L98,4),MID(L98,4,2),LEFT(L98,2)) )) -> 45959 | L98: 2025-10-29 | M98: P. Meier
A99: S001525 | B99: FRA-2024-00340 | C99: Fragrance Oil | D99: Dortmund | E99: =UPPER(D99) -> DORTMUND | F99: Purity_Pct | G99: 98.96 | H99: % | I99: 97 | J99: 100 | K99: =IF(L99="","", IF(MID(L99,5,1)="-", DATE(LEFT(L99,4),MID(L99,6,2),RIGHT(L99,2)), DATE(RIGHT(L99,4),MID(L99,4,2),LEFT(L99,2)) )) -> 45573 | L99: 2024-10-08 | M99: K. Varga
A100: S000128 | B100: FOO-2025-00030 | C100: Food Ingredient Extract | D100: Ashford | E100: =UPPER(D100) -> ASHFORD | F100: Microbial_Count_CFU_g | G100: -75 | H100: CFU/g | I100: 0 | J100: 100 | K100: =IF(L100="","", IF(MID(L100,5,1)="-", DATE(LEFT(L100,4),MID(L100,6,2),RIGHT(L100,2)), DATE(RIGHT(L100,4),MID(L100,4,2),LEFT(L100,2)) )) -> 45831 | L100: 2025-06-23 | M100: M. Toth
A101: S001065 | B101: ARO-2024-00238 | C101: Aroma Chemical | D101: ashford | E101: =UPPER(D101) -> ASHFORD | F101: Purity_Pct | G101: 99.97 | H101: % | I101: 97 | J101: 100 | K101: =IF(L101="","", IF(MID(L101,5,1)="-", DATE(LEFT(L101,4),MID(L101,6,2),RIGHT(L101,2)), DATE(RIGHT(L101,4),MID(L101,4,2),LEFT(L101,2)) )) -> 45358 | L101: 2024-03-07 | M101: J NAGY
A102: S000038 | B102: FLA-2024-00009 | C102: Flavor Compound | D102: Vernier | E102: =UPPER(D102) -> VERNIER | F102: pH | G102: 7 | I102: 6 | J102: 7.5 | K102: =IF(L102="","", IF(MID(L102,5,1)="-", DATE(LEFT(L102,4),MID(L102,6,2),RIGHT(L102,2)), DATE(RIGHT(L102,4),MID(L102,4,2),LEFT(L102,2)) )) -> 45388 | L102: 2024-04-06 | M102: L. Rossi
A103: S000427 | B103: ESS-2024-00097 | C103: Essential Oil Blend | D103: E. Hanover | E103: =UPPER(D103) -> E. HANOVER | F103: Residual_Solvent_ppm | G103: 74.6 | H103: ppm | I103: 0 | J103: 120 | K103: =IF(L103="","", IF(MID(L103,5,1)="-", DATE(LEFT(L103,4),MID(L103,6,2),RIGHT(L103,2)), DATE(RIGHT(L103,4),MID(L103,4,2),LEFT(L103,2)) )) -> 45633 | L103: 2024-12-07 | M103: L. Rossi
A104: S000205 | B104: FOO-2024-00047 | C104: Food Ingredient Extract | D104: Ashford UK | E104: =UPPER(D104) -> ASHFORD UK | F104: Purity_Pct | G104: 99.56 | H104: % | I104: 97 | J104: 100 | K104: =IF(L104="","", IF(MID(L104,5,1)="-", DATE(LEFT(L104,4),MID(L104,6,2),RIGHT(L104,2)), DATE(RIGHT(L104,4),MID(L104,4,2),LEFT(L104,2)) )) -> 45362 | L104: 2024-03-11 | M104: J. Nagy
A105: S001250 | B105: FLA-2024-00280 | C105: Flavor Compound | D105: Budapest | E105: =UPPER(D105) -> BUDAPEST | F105: Moisture_Pct | G105: 0.37 | H105: % | I105: 0 | J105: 1 | K105: =IF(L105="","", IF(MID(L105,5,1)="-", DATE(LEFT(L105,4),MID(L105,6,2),RIGHT(L105,2)), DATE(RIGHT(L105,4),MID(L105,4,2),LEFT(L105,2)) )) -> 45596 | L105: 2024-10-31 | M105: L. Rossi
A106: S000186 | B106: FRA-2025-00043 | C106: Fragrance Oil | D106: VERNIER | E106: =UPPER(D106) -> VERNIER | F106: Density_g_ml | G106: 0.86 | H106: g/ml | I106: 0.88 | J106: 0.97 | K106: =IF(L106="","", IF(MID(L106,5,1)="-", DATE(LEFT(L106,4),MID(L106,6,2),RIGHT(L106,2)), DATE(RIGHT(L106,4),MID(L106,4,2),LEFT(L106,2)) )) -> 45860 | L106: 2025-07-22 | M106: J NAGY
A107: S001269 | B107: FLA-2024-00284 | C107: Flavor Compound | D107: vernier | E107: =UPPER(D107) -> VERNIER | F107: Moisture_Pct | G107: 0.18 | H107: % | I107: 0 | J107: 1 | K107: =IF(L107="","", IF(MID(L107,5,1)="-", DATE(LEFT(L107,4),MID(L107,6,2),RIGHT(L107,2)), DATE(RIGHT(L107,4),MID(L107,4,2),LEFT(L107,2)) )) -> 45547 | L107: 2024-09-12 | M107: M. Toth
...

Sheet Batch outcome by site
A3: Distinct Count of Batch_ID | B3: Column Labels
A4: Row Labels | B4: Fail | C4: Pass | D4: Pending | E4: Grand Total
A5: Ashford UK | B5: 0.31707317 | C5: 0.59756098 | D5: 0.085365854 | E5: 1
A6: Budapest | B6: 0.21875 | C6: 0.6875 | D6: 0.09375 | E6: 1
A7: Dortmund DE | B7: 0.36046512 | C7: 0.58139535 | D7: 0.058139535 | E7: 1
A8: East Hanover | B8: 0.34693878 | C8: 0.6122449 | D8: 0.040816327 | E8: 1
A9: Vernier CH | B9: 0.35714286 | C9: 0.53571429 | D9: 0.10714286 | E9: 1
A10: Grand Total | B10: 0.31838565 | C10: 0.60538117 | D10: 0.076233184 | E10: 1

Sheet Test_outcome
A3: Count of Sample_ID | B3: Column Labels
B4: Fail | C4: Missing | D4: Pass | E4: Grand Total | F4: Pass Rate
A5: Density_g_ml | B5: 31 | C5: 6 | D5: 248 | E5: 285 | F5: =D5/E5 -> 0.87017544
A6: Microbial_Count_CFU_g | B6: 95 | C6: 3 | D6: 197 | E6: 295 | F6: =D6/E6 -> 0.66779661
A7: Moisture_Pct | B7: 7 | C7: 4 | D7: 268 | E7: 279 | F7: =D7/E7 -> 0.96057348
A8: Particle_Size_um | B8: 11 | C8: 6 | D8: 294 | E8: 311 | F8: =D8/E8 -> 0.94533762
A9: pH | B9: 23 | C9: 5 | D9: 236 | E9: 264 | F9: =D9/E9 -> 0.89393939
A10: Purity_Pct | B10: 14 | C10: 7 | D10: 265 | E10: 286 | F10: =D10/E10 -> 0.92657343
A11: Residual_Solvent_ppm | B11: 12 | C11: 11 | D11: 272 | E11: 295 | F11: =D11/E11 -> 0.9220339
A12: Grand Total | B12: 193 | C12: 42 | D12: 1780 | E12: 2015 | F12: =D12/E12 -> 0.88337469

Sheet LIMS_Export_worked
A1: Sample_ID | B1: Batch_ID | C1: Product_Line | D1: Site | E1: Test_Type | F1: Result_Exists | G1: Result_Pass | H1: Batch_Result | I1: Result_Value | J1: Unit | K1: Spec_Lower | L1: Spec_Upper | M1: Test_Date | N1: Analyst
A2: S001578 | B2: ARO-2024-00352 | C2: Aroma Chemical | D2: =_xlfn.XLOOKUP(Raw_LIMS_Export!E2,'mapping Site table'!$B$4:$B$14,'mapping Site table'!$C$4:$C$14,Raw_LIMS_Export!E2) -> Ashford UK | E2: Residual_Solvent_ppm | F2: =IF(I2="",0,1) -> 1 | G2: =IF(I2="", "Missing", IF(AND(I2>=K2, I2<=L2), "Pass", "Fail")) -> Pass | H2: =IF(COUNTIFS($B$2:$B$2016,B2,$G$2:$G$2016,"Fail")>0,"Fail", IF(COUNTIFS($B$2:$B$2016,B2,$G$2:$G$2016,"Missing")>0,"Pending", "Pass")) -> Pending | I2: 18.09 | J2: ppm | K2: 0 | L2: 120 | M2: =Raw_LIMS_Export!K2 -> 45350 | N2: A. Kovacs
A3: S000141 | B3: FOO-2024-00034 | C3: Food Ingredient Extract | D3: =_xlfn.XLOOKUP(Raw_LIMS_Export!E3,'mapping Site table'!$B$4:$B$14,'mapping Site table'!$C$4:$C$14,Raw_LIMS_Export!E3) -> Vernier CH | E3: Density_g_ml | F3: =IF(I3="",0,1) -> 1 | G3: =IF(I3="", "Missing", IF(AND(I3>=K3, I3<=L3), "Pass", "Fail")) -> Pass | H3: =IF(COUNTIFS($B$2:$B$2016,B3,$G$2:$G$2016,"Fail")>0,"Fail", IF(COUNTIFS($B$2:$B$2016,B3,$G$2:$G$2016,"Missing")>0,"Pending", "Pass")) -> Pass | I3: 0.92 | J3: g/ml | K3: 0.88 | L3: 0.97 | M3: =Raw_LIMS_Export!K3 -> 45399 | N3: J NAGY
A4: S000111 | B4: ARO-2025-00025 | C4: Aroma Chemical | D4: =_xlfn.XLOOKUP(Raw_LIMS_Export!E4,'mapping Site table'!$B$4:$B$14,'mapping Site table'!$C$4:$C$14,Raw_LIMS_Export!E4) -> East Hanover | E4: Particle_Size_um | F4: =IF(I4="",0,1) -> 1 | G4: =IF(I4="", "Missing", IF(AND(I4>=K4, I4<=L4), "Pass", "Fail")) -> Pass | H4: =IF(COUNTIFS($B$2:$B$2016,B4,$G$2:$G$2016,"Fail")>0,"Fail", IF(COUNTIFS($B$2:$B$2016,B4,$G$2:$G$2016,"Missing")>0,"Pending", "Pass")) -> Pass | I4: 224.54 | J4: um | K4: 150 | L4: 400 | M4: =Raw_LIMS_Export!K4 -> 45924 | N4: J NAGY
A5: S000260 | B5: ESS-2025-00059 | C5: Essential Oil Blend | D5: =_xlfn.XLOOKUP(Raw_LIMS_Export!E5,'mapping Site table'!$B$4:$B$14,'mapping Site table'!$C$4:$C$14,Raw_LIMS_Export!E5) -> Vernier CH | E5: Purity_Pct | F5: =IF(I5="",0,1) -> 1 | G5: =IF(I5="", "Missing", IF(AND(I5>=K5, I5<=L5), "Pass", "Fail")) -> Pass | H5: =IF(COUNTIFS($B$2:$B$2016,B5,$G$2:$G$2016,"Fail")>0,"Fail", IF(COUNTIFS($B$2:$B$2016,B5,$G$2:$G$2016,"Missing")>0,"Pending", "Pass")) -> Pass | I5: 97.98 | J5: % | K5: 97 | L5: 100 | M5: =Raw_LIMS_Export!K5 -> 45982 | N5: A. Kovacs
A6: S001392 | B6: ARO-2024-00311 | C6: Aroma Chemical | D6: =_xlfn.XLOOKUP(Raw_LIMS_Export!E6,'mapping Site table'!$B$4:$B$14,'mapping Site table'!$C$4:$C$14,Raw_LIMS_Export!E6) -> East Hanover | E6: Purity_Pct | F6: =IF(I6="",0,1) -> 1 | G6: =IF(I6="", "Missing", IF(AND(I6>=K6, I6<=L6), "Pass", "Fail")) -> Fail | H6: =IF(COUNTIFS($B$2:$B$2016,B6,$G$2:$G$2016,"Fail")>0,"Fail", IF(COUNTIFS($B$2:$B$2016,B6,$G$2:$G$2016,"Missing")>0,"Pending", "Pass")) -> Fail | I6: 95.2 | J6: % | K6: 97 | L6: 100 | M6: =Raw_LIMS_Export!K6 -> 45488 | N6: S. Fischer
A7: S001745 | B7: FOO-2024-00389 | C7: Food Ingredient Extract | D7: =_xlfn.XLOOKUP(Raw_LIMS_Export!E7,'mapping Site table'!$B$4:$B$14,'mapping Site table'!$C$4:$C$14,Raw_LIMS_Export!E7) -> Ashford UK | E7: Particle_Size_um | F7: =IF(I7="",0,1) -> 1 | G7: =IF(I7="", "Missing", IF(AND(I7>=K7, I7<=L7), "Pass", "Fail")) -> Pass | H7: =IF(COUNTIFS($B$2:$B$2016,B7,$G$2:$G$2016,"Fail")>0,"Fail", IF(COUNTIFS($B$2:$B$2016,B7,$G$2:$G$2016,"Missing")>0,"Pending", "Pass")) -> Pass | I7: 227.62 | J7: um | K7: 150 | L7: 400 | M7: =Raw_LIMS_Export!K7 -> 45446 | N7: M. Toth
A8: S000515 | B8: FOO-2025-00116 | C8: Food Ingredient Extract | D8: =_xlfn.XLOOKUP(Raw_LIMS_Export!E8,'mapping Site table'!$B$4:$B$14,'mapping Site table'!$C$4:$C$14,Raw_LIMS_Export!E8) -> Vernier CH | E8: Moisture_Pct | F8: =IF(I8="",0,1) -> 1 | G8: =IF(I8="", "Missing", IF(AND(I8>=K8, I8<=L8), "Pass", "Fail")) -> Pass | H8: =IF(COUNTIFS($B$2:$B$2016,B8,$G$2:$G$2016,"Fail")>0,"Fail", IF(COUNTIFS($B$2:$B$2016,B8,$G$2:$G$2016,"Missing")>0,"Pending", "Pass")) -> Fail | I8: 0.38 | J8: % | K8: 0 | L8: 1 | M8: =Raw_LIMS_Export!K8 -> 46008 | N8: J NAGY
A9: S001518 | B9: FRA-2024-00338 | C9: Fragrance Oil | D9: =_xlfn.XLOOKUP(Raw_LIMS_Export!E9,'mapping Site table'!$B$4:$B$14,'mapping Site table'!$C$4:$C$14,Raw_LIMS_Export!E9) -> Dortmund DE | E9: Particle_Size_um | F9: =IF(I9="",0,1) -> 1 | G9: =IF(I9="", "Missing", IF(AND(I9>=K9, I9<=L9), "Pass", "Fail")) -> Pass | H9: =IF(COUNTIFS($B$2:$B$2016,B9,$G$2:$G$2016,"Fail")>0,"Fail", IF(COUNTIFS($B$2:$B$2016,B9,$G$2:$G$2016,"Missing")>0,"Pending", "Pass")) -> Fail | I9: 318.47 | J9: um | K9: 150 | L9: 400 | M9: =Raw_LIMS_Export!K9 -> 45501 | N9: A. Kovacs
A10: S001387 | B10: FLA-2025-00310 | C10: Flavor Compound | D10: =_xlfn.XLOOKUP(Raw_LIMS_Export!E10,'mapping Site table'!$B$4:$B$14,'mapping Site table'!$C$4:$C$14,Raw_LIMS_Export!E10) -> East Hanover | E10: Purity_Pct | F10: =IF(I10="",0,1) -> 1 | G10: =IF(I10="", "Missing", IF(AND(I10>=K10, I10<=L10), "Pass", "Fail")) -> Pass | H10: =IF(COUNTIFS($B$2:$B$2016,B10,$G$2:$G$2016,"Fail")>0,"Fail", IF(COUNTIFS($B$2:$B$2016,B10,$G$2:$G$2016,"Missing")>0,"Pending", "Pass")) -> Pass | I10: 98.21 | J10: % | K10: 97 | L10: 100 | M10: =Raw_LIMS_Export!K10 -> 45881 | N10: J NAGY
A11: S001059 | B11: FOO-2024-00237 | C11: Food Ingredient Extract | D11: =_xlfn.XLOOKUP(Raw_LIMS_Export!E11,'mapping Site table'!$B$4:$B$14,'mapping Site table'!$C$4:$C$14,Raw_LIMS_Export!E11) -> Budapest | E11: Residual_Solvent_ppm | F11: =IF(I11="",0,1) -> 1 | G11: =IF(I11="", "Missing", IF(AND(I11>=K11, I11<=L11), "Pass", "Fail")) -> Pass | H11: =IF(COUNTIFS($B$2:$B$2016,B11,$G$2:$G$2016,"Fail")>0,"Fail", IF(COUNTIFS($B$2:$B$2016,B11,$G$2:$G$2016,"Missing")>0,"Pending", "Pass")) -> Pass | I11: 33.35 | J11: ppm | K11: 0 | L11: 120 | M11: =Raw_LIMS_Export!K11 -> 45655 | N11: K. Varga
A12: S001922 | B12: ARO-2024-00430 | C12: Aroma Chemical | D12: =_xlfn.XLOOKUP(Raw_LIMS_Export!E12,'mapping Site table'!$B$4:$B$14,'mapping Site table'!$C$4:$C$14,Raw_LIMS_Export!E12) -> East Hanover | E12: Purity_Pct | F12: =IF(I12="",0,1) -> 1 | G12: =IF(I12="", "Missing", IF(AND(I12>=K12, I12<=L12), "Pass", "Fail")) -> Pass | H12: =IF(COUNTIFS($B$2:$B$2016,B12,$G$2:$G$2016,"Fail")>0,"Fail", IF(COUNTIFS($B$2:$B$2016,B12,$G$2:$G$2016,"Missing")>0,"Pending", "Pass")) -> Fail | I12: 97.78 | J12: % | K12: 97 | L12: 100 | M12: =Raw_LIMS_Export!K12 -> 45577 | N12: m. toth
A13: S001737 | B13: ARO-2024-00388 | C13: Aroma Chemical | D13: =_xlfn.XLOOKUP(Raw_LIMS_Export!E13,'mapping Site table'!$B$4:$B$14,'mapping Site table'!$C$4:$C$14,Raw_LIMS_Export!E13) -> Vernier CH | E13: Moisture_Pct | F13: =IF(I13="",0,1) -> 1 | G13: =IF(I13="", "Missing", IF(AND(I13>=K13, I13<=L13), "Pass", "Fail")) -> Pass | H13: =IF(COUNTIFS($B$2:$B$2016,B13,$G$2:$G$2016,"Fail")>0,"Fail", IF(COUNTIFS($B$2:$B$2016,B13,$G$2:$G$2016,"Missing")>0,"Pending", "Pass")) -> Pending | I13: 0.37 | J13: % | K13: 0 | L13: 1 | M13: =Raw_LIMS_Export!K13 -> 45530 | N13: S. Fischer
... A15: S001274 | B15: ARO-2024-00285 | C15: Aroma Chemical | D15: =_xlfn.XLOOKUP(Raw_LIMS_Export!E15,'mapping Site table'!$B$4:$B$14,'mapping Site table'!$C$4:$C$14,Raw_LIMS_Export!E15) -> Vernier CH | E15: Residual_Solvent_ppm | F15: =IF(I15="",0,1) -> 1 | G15: =IF(I15="", "Missing", IF(AND(I15>=K15, I15<=L15), "Pass", "Fail")) -> Pass | H15: =IF(COUNTIFS($B$2:$B$2016,B15,$G$2:$G$2016,"Fail")>0,"Fail", IF(COUNTIFS($B$2:$B$2016,B15,$G$2:$G$2016,"Missing")>0,"Pending", "Pass")) -> Fail | I15: 48.04 | J15: ppm | K15: 0 | L15: 120 | M15: =Raw_LIMS_Export!K15 -> 45529 | N15: P. Meier
A16: S001927 | B16: FOO-2024-00431 | C16: Food Ingredient Extract | D16: =_xlfn.XLOOKUP(Raw_LIMS_Export!E16,'mapping Site table'!$B$4:$B$14,'mapping Site table'!$C$4:$C$14,Raw_LIMS_Export!E16) -> East Hanover | E16: pH | F16: =IF(I16="",0,1) -> 1 | G16: =IF(I16="", "Missing", IF(AND(I16>=K16, I16<=L16), "Pass", "Fail")) -> Pass | H16: =IF(COUNTIFS($B$2:$B$2016,B16,$G$2:$G$2016,"Fail")>0,"Fail", IF(COUNTIFS($B$2:$B$2016,B16,$G$2:$G$2016,"Missing")>0,"Pending", "Pass")) -> Fail | I16: 6.7 | K16: 6 | L16: 7.5 | M16: =Raw_LIMS_Export!K16 -> 45351 | N16: T. Weber
A17: S001545 | B17: FLA-2024-00344 | C17: Flavor Compound | D17: =_xlfn.XLOOKUP(Raw_LIMS_Export!E17,'mapping Site table'!$B$4:$B$14,'mapping Site table'!$C$4:$C$14,Raw_LIMS_Export!E17) -> Vernier CH | E17: Purity_Pct | F17: =IF(I17="",0,1) -> 1 | G17: =IF(I17="", "Missing", IF(AND(I17>=K17, I17<=L17), "Pass", "Fail")) -> Fail | H17: =IF(COUNTIFS($B$2:$B$2016,B17,$G$2:$G$2016,"Fail")>0,"Fail", IF(COUNTIFS($B$2:$B$2016,B17,$G$2:$G$2016,"Missing")>0,"Pending", "Pass")) -> Fail | I17: 101.8 | J17: % | K17: 97 | L17: 100 | M17: =Raw_LIMS_Export!K17 -> 45294 | N17: J. Nagy
A18: S001090 | B18: FOO-2025-00245 | C18: Food Ingredient Extract | D18: =_xlfn.XLOOKUP(Raw_LIMS_Export!E18,'mapping Site table'!$B$4:$B$14,'mapping Site table'!$C$4:$C$14,Raw_LIMS_Export!E18) -> East Hanover | E18: Particle_Size_um | F18: =IF(I18="",0,1) -> 1 | G18: =IF(I18="", "Missing", IF(AND(I18>=K18, I18<=L18), "Pass", "Fail")) -> Pass | H18: =IF(COUNTIFS($B$2:$B$2016,B18,$G$2:$G$2016,"Fail")>0,"Fail", IF(COUNTIFS($B$2:$B$2016,B18,$G$2:$G$2016,"Missing")>0,"Pending", "Pass")) -> Pass | I18: 184.37 | J18: um | K18: 150 | L18: 400 | M18: =Raw_LIMS_Export!K18 -> 45827 | N18: A. Kovacs
A19: S001355 | B19: ESS-2024-00303 | C19: Essential Oil Blend | D19: =_xlfn.XLOOKUP(Raw_LIMS_Export!E19,'mapping Site table'!$B$4:$B$14,'mapping Site table'!$C$4:$C$14,Raw_LIMS_Export!E19) -> Dortmund DE | E19: Density_g_ml | F19: =IF(I19="",0,1) -> 1 | G19: =IF(I19="", "Missing", IF(AND(I19>=K19, I19<=L19), "Pass", "Fail")) -> Pass | H19: =IF(COUNTIFS($B$2:$B$2016,B19,$G$2:$G$2016,"Fail")>0,"Fail", IF(COUNTIFS($B$2:$B$2016,B19,$G$2:$G$2016,"Missing")>0,"Pending", "Pass")) -> Pass | I19: 0.9 | J19: g/ml | K19: 0.88 | L19: 0.97 | M19: =Raw_LIMS_Export!K19 -> 45654 | N19: K. Varga
A20: S000359 | B20: ESS-2025-00081 | C20: Essential Oil Blend | D20: =_xlfn.XLOOKUP(Raw_LIMS_Export!E20,'mapping Site table'!$B$4:$B$14,'mapping Site table'!$C$4:$C$14,Raw_LIMS_Export!E20) -> Dortmund DE | E20: Particle_Size_um | F20: =IF(I20="",0,1) -> 1 | G20: =IF(I20="", "Missing", IF(AND(I20>=K20, I20<=L20), "Pass", "Fail")) -> Pass | H20: =IF(COUNTIFS($B$2:$B$2016,B20,$G$2:$G$2016,"Fail")>0,"Fail", IF(COUNTIFS($B$2:$B$2016,B20,$G$2:$G$2016,"Missing")>0,"Pending", "Pass")) -> Pass | I20: 239.92 | J20: um | K20: 150 | L20: 400 | M20: =Raw_LIMS_Export!K20 -> 45740 | N20: P. Meier
A21: S001328 | B21: ARO-2024-00296 | C21: Aroma Chemical | D21: =_xlfn.XLOOKUP(Raw_LIMS_Export!E21,'mapping Site table'!$B$4:$B$14,'mapping Site table'!$C$4:$C$14,Raw_LIMS_Export!E21) -> Vernier CH | E21: Moisture_Pct | F21: =IF(I21="",0,1) -> 1 | G21: =IF(I21="", "Missing", IF(AND(I21>=K21, I21<=L21), "Pass", "Fail")) -> Pass | H21: =IF(COUNTIFS($B$2:$B$2016,B21,$G$2:$G$2016,"Fail")>0,"Fail", IF(COUNTIFS($B$2:$B$2016,B21,$G$2:$G$2016,"Missing")>0,"Pending", "Pass")) -> Pass | I21: 0.34 | J21: % | K21: 0 | L21: 1 | M21: =Raw_LIMS_Export!K21 -> 45613 | N21: A. Kovacs
A22: S000197 | B22: ESS-2025-00045 | C22: Essential Oil Blend | D22: =_xlfn.XLOOKUP(Raw_LIMS_Export!E22,'mapping Site table'!$B$4:$B$14,'mapping Site table'!$C$4:$C$14,Raw_LIMS_Export!E22) -> Dortmund DE | E22: Residual_Solvent_ppm | F22: =IF(I22="",0,1) -> 1 | G22: =IF(I22="", "Missing", IF(AND(I22>=K22, I22<=L22), "Pass", "Fail")) -> Pass | H22: =IF(COUNTIFS($B$2:$B$2016,B22,$G$2:$G$2016,"Fail")>0,"Fail", IF(COUNTIFS($B$2:$B$2016,B22,$G$2:$G$2016,"Missing")>0,"Pending", "Pass")) -> Fail | I22: 41.98 | J22: ppm | K22: 0 | L22: 120 | M22: =Raw_LIMS_Export!K22 -> 45887 | N22: T. Weber
A23: S001683 | B23: FRA-2024-00376 | C23: Fragrance Oil | D23: =_xlfn.XLOOKUP(Raw_LIMS_Export!E23,'mapping Site table'!$B$4:$B$14,'mapping Site table'!$C$4:$C$14,Raw_LIMS_Export!E23) -> Ashford UK | E23: Microbial_Count_CFU_g | F23: =IF(I23="",0,1) -> 1 | G23: =IF(I23="", "Missing", IF(AND(I23>=K23, I23<=L23), "Pass", "Fail")) -> Pass | H23: =IF(COUNTIFS($B$2:$B$2016,B23,$G$2:$G$2016,"Fail")>0,"Fail", IF(COUNTIFS($B$2:$B$2016,B23,$G$2:$G$2016,"Missing")>0,"Pending", "Pass")) -> Fail | I23: 4.69 | J23: CFU/g | K23: 0 | L23: 100 | M23: =Raw_LIMS_Export!K23 -> 45409 | N23: J. Nagy
A24: S001692 | B24: ESS-2024-00379 | C24: Essential Oil Blend | D24: =_xlfn.XLOOKUP(Raw_LIMS_Export!E24,'mapping Site table'!$B$4:$B$14,'mapping Site table'!$C$4:$C$14,Raw_LIMS_Export!E24) -> East Hanover | E24: Microbial_Count_CFU_g | F24: =IF(I24="",0,1) -> 1 | G24: =IF(I24="", "Missing", IF(AND(I24>=K24, I24<=L24), "Pass", "Fail")) -> Fail | H24: =IF(COUNTIFS($B$2:$B$2016,B24,$G$2:$G$2016,"Fail")>0,"Fail", IF(COUNTIFS($B$2:$B$2016,B24,$G$2:$G$2016,"Missing")>0,"Pending", "Pass")) -> Fail | I24: -25 | J24: CFU/g | K24: 0 | L24: 100 | M24: =Raw_LIMS_Export!K24 -> 45330 | N24: S. Fischer
A25: S000611 | B25: FLA-2024-00138 | C25: Flavor Compound | D25: =_xlfn.XLOOKUP(Raw_LIMS_Export!E25,'mapping Site table'!$B$4:$B$14,'mapping Site table'!$C$4:$C$14,Raw_LIMS_Export!E25) -> Ashford UK | E25: Moisture_Pct | F25: =IF(I25="",0,1) -> 1 | G25: =IF(I25="", "Missing", IF(AND(I25>=K25, I25<=L25), "Pass", "Fail")) -> Pass | H25: =IF(COUNTIFS($B$2:$B$2016,B25,$G$2:$G$2016,"Fail")>0,"Fail", IF(COUNTIFS($B$2:$B$2016,B25,$G$2:$G$2016,"Missing")>0,"Pending", "Pass")) -> Fail | I25: 0.31 | J25: % | K25: 0 | L25: 1 | M25: =Raw_LIMS_Export!K25 -> 45615 | N25: M. Toth
A26: S000362 | B26: FLA-2025-00082 | C26: Flavor Compound | D26: =_xlfn.XLOOKUP(Raw_LIMS_Export!E26,'mapping Site table'!$B$4:$B$14,'mapping Site table'!$C$4:$C$14,Raw_LIMS_Export!E26) -> Ashford UK | E26: Purity_Pct | F26: =IF(I26="",0,1) -> 0 | G26: =IF(I26="", "Missing", IF(AND(I26>=K26, I26<=L26), "Pass", "Fail")) -> Missing | H26: =IF(COUNTIFS($B$2:$B$2016,B26,$G$2:$G$2016,"Fail")>0,"Fail", IF(COUNTIFS($B$2:$B$2016,B26,$G$2:$G$2016,"Missing")>0,"Pending", "Pass")) -> Pending | J26: % | K26: 97 | L26: 100 | M26: =Raw_LIMS_Export!K26 -> 45853 | N26: M. Toth
A27: S000003 | B27: ESS-2025-00001 | C27: Essential Oil Blend | D27: =_xlfn.XLOOKUP(Raw_LIMS_Export!E27,'mapping Site table'!$B$4:$B$14,'mapping Site table'!$C$4:$C$14,Raw_LIMS_Export!E27) -> Vernier CH | E27: Particle_Size_um | F27: =IF(I27="",0,1) -> 1 | G27: =IF(I27="", "Missing", IF(AND(I27>=K27, I27<=L27), "Pass", "Fail")) -> Pass | H27: =IF(COUNTIFS($B$2:$B$2016,B27,$G$2:$G$2016,"Fail")>0,"Fail", IF(COUNTIFS($B$2:$B$2016,B27,$G$2:$G$2016,"Missing")>0,"Pending", "Pass")) -> Pass | I27: 215.63 | J27: um | K27: 150 | L27: 400 | M27: =Raw_LIMS_Export!K27 -> 45769 | N27: M. Toth
A28: S000667 | B28: FLA-2024-00152 | C28: Flavor Compound | D28: =_xlfn.XLOOKUP(Raw_LIMS_Export!E28,'mapping Site table'!$B$4:$B$14,'mapping Site table'!$C$4:$C$14,Raw_LIMS_Export!E28) -> Budapest | E28: Particle_Size_um | F28: =IF(I28="",0,1) -> 1 | G28: =IF(I28="", "Missing", IF(AND(I28>=K28, I28<=L28), "Pass", "Fail")) -> Pass | H28: =IF(COUNTIFS($B$2:$B$2016,B28,$G$2:$G$2016,"Fail")>0,"Fail", IF(COUNTIFS($B$2:$B$2016,B28,$G$2:$G$2016,"Missing")>0,"Pending", "Pass")) -> Pass | I28: 253.19 | J28: um | K28: 150 | L28: 400 | M28: =Raw_LIMS_Export!K28 -> 45643 | N28: S. Fischer
A29: S000528 | B29: ARO-2024-00119 | C29: Aroma Chemical | D29: =_xlfn.XLOOKUP(Raw_LIMS_Export!E29,'mapping Site table'!$B$4:$B$14,'mapping Site table'!$C$4:$C$14,Raw_LIMS_Export!E29) -> East Hanover | E29: Residual_Solvent_ppm | F29: =IF(I29="",0,1) -> 1 | G29: =IF(I29="", "Missing", IF(AND(I29>=K29, I29<=L29), "Pass", "Fail")) -> Pass | H29: =IF(COUNTIFS($B$2:$B$2016,B29,$G$2:$G$2016,"Fail")>0,"Fail", IF(COUNTIFS($B$2:$B$2016,B29,$G$2:$G$2016,"Missing")>0,"Pending", "Pass")) -> Pass | I29: 45.4 | J29: ppm | K29: 0 | L29: 120 | M29: =Raw_LIMS_Export!K29 -> 45374 | N29: A. Kovacs
A30: S001118 | B30: FOO-2025-00251 | C30: Food Ingredient Extract | D30: =_xlfn.XLOOKUP(Raw_LIMS_Export!E30,'mapping Site table'!$B$4:$B$14,'mapping Site table'!$C$4:$C$14,Raw_LIMS_Export!E30) -> Budapest | E30: Purity_Pct | F30: =IF(I30="",0,1) -> 1 | G30: =IF(I30="", "Missing", IF(AND(I30>=K30, I30<=L30), "Pass", "Fail")) -> Pass | H30: =IF(COUNTIFS($B$2:$B$2016,B30,$G$2:$G$2016,"Fail")>0,"Fail", IF(COUNTIFS($B$2:$B$2016,B30,$G$2:$G$2016,"Missing")>0,"Pending", "Pass")) -> Fail | I30: 97.88 | J30: % | K30: 97 | L30: 100 | M30: =Raw_LIMS_Export!K30 -> 45969 | N30: J NAGY
A31: S000703 | B31: FRA-2024-00160 | C31: Fragrance Oil | D31: =_xlfn.XLOOKUP(Raw_LIMS_Export!E31,'mapping Site table'!$B$4:$B$14,'mapping Site table'!$C$4:$C$14,Raw_LIMS_Export!E31) -> Dortmund DE | E31: Moisture_Pct | F31: =IF(I31="",0,1) -> 1 | G31: =IF(I31="", "Missing", IF(AND(I31>=K31, I31<=L31), "Pass", "Fail")) -> Pass | H31: =IF(COUNTIFS($B$2:$B$2016,B31,$G$2:$G$2016,"Fail")>0,"Fail", IF(COUNTIFS($B$2:$B$2016,B31,$G$2:$G$2016,"Missing")>0,"Pending", "Pass")) -> Fail | I31: 0.4 | J31: % | K31: 0 | L31: 1 | M31: =Raw_LIMS_Export!K31 -> 45386 | N31: K. Varga
A32: S000603 | B32: FRA-2025-00136 | C32: Fragrance Oil | D32: =_xlfn.XLOOKUP(Raw_LIMS_Export!E32,'mapping Site table'!$B$4:$B$14,'mapping Site table'!$C$4:$C$14,Raw_LIMS_Export!E32) -> Ashford UK | E32: Residual_Solvent_ppm | F32: =IF(I32="",0,1) -> 1 | G32: =IF(I32="", "Missing", IF(AND(I32>=K32, I32<=L32), "Pass", "Fail")) -> Pass | H32: =IF(COUNTIFS($B$2:$B$2016,B32,$G$2:$G$2016,"Fail")>0,"Fail", IF(COUNTIFS($B$2:$B$2016,B32,$G$2:$G$2016,"Missing")>0,"Pending", "Pass")) -> Pass | I32: 50.68 | J32: ppm | K32: 0 | L32: 120 | M32: =Raw_LIMS_Export!K32 -> 45824 | N32: A. Kovacs
A33: S000659 | B33: FRA-2025-00150 | C33: Fragrance Oil | D33: =_xlfn.XLOOKUP(Raw_LIMS_Export!E33,'mapping Site table'!$B$4:$B$14,'mapping Site table'!$C$4:$C$14,Raw_LIMS_Export!E33) -> Vernier CH | E33: Particle_Size_um | F33: =IF(I33="",0,1) -> 1 | G33: =IF(I33="", "Missing", IF(AND(I33>=K33, I33<=L33), "Pass", "Fail")) -> Pass | H33: =IF(COUNTIFS($B$2:$B$2016,B33,$G$2:$G$2016,"Fail")>0,"Fail", IF(COUNTIFS($B$2:$B$2016,B33,$G$2:$G$2016,"Missing")>0,"Pending", "Pass")) -> Fail | I33: 244.91 | J33: um | K33: 150 | L33: 400 | M33: =Raw_LIMS_Export!K33 -> 45774 | N33: P. Meier
A34: S001918 | B34: FLA-2024-00429 | C34: Flavor Compound | D34: =_xlfn.XLOOKUP(Raw_LIMS_Export!E34,'mapping Site table'!$B$4:$B$14,'mapping Site table'!$C$4:$C$14,Raw_LIMS_Export!E34) -> Vernier CH | E34: pH | F34: =IF(I34="",0,1) -> 1 | G34: =IF(I34="", "Missing", IF(AND(I34>=K34, I34<=L34), "Pass", "Fail")) -> Pass | H34: =IF(COUNTIFS($B$2:$B$2016,B34,$G$2:$G$2016,"Fail")>0,"Fail", IF(COUNTIFS($B$2:$B$2016,B34,$G$2:$G$2016,"Missing")>0,"Pending", "Pass")) -> Pass | I34: 6.76 | K34: 6 | L34: 7.5 | M34: =Raw_LIMS_Export!K34 -> 45431 | N34: J. Nagy
A35: S001825 | B35: ESS-2024-00408 | C35: Essential Oil Blend | D35: =_xlfn.XLOOKUP(Raw_LIMS_Export!E35,'mapping Site table'!$B$4:$B$14,'mapping Site table'!$C$4:$C$14,Raw_LIMS_Export!E35) -> Budapest | E35: Density_g_ml | F35: =IF(I35="",0,1) -> 1 | G35: =IF(I35="", "Missing", IF(AND(I35>=K35, I35<=L35), "Pass", "Fail")) -> Pass | H35: =IF(COUNTIFS($B$2:$B$2016,B35,$G$2:$G$2016,"Fail")>0,"Fail", IF(COUNTIFS($B$2:$B$2016,B35,$G$2:$G$2016,"Missing")>0,"Pending", "Pass")) -> Pending | I35: 0.89 | J35: g/ml | K35: 0.88 | L35: 0.97 | M35: =Raw_LIMS_Export!K35 -> 45350 | N35: A. Kovacs
A36: S000763 | B36: ARO-2024-00172 | C36: Aroma Chemical | D36: =_xlfn.XLOOKUP(Raw_LIMS_Export!E36,'mapping Site table'!$B$4:$B$14,'mapping Site table'!$C$4:$C$14,Raw_LIMS_Export!E36) -> Budapest | E36: Purity_Pct | F36: =IF(I36="",0,1) -> 1 | G36: =IF(I36="", "Missing", IF(AND(I36>=K36, I36<=L36), "Pass", "Fail")) -> Pass | H36: =IF(COUNTIFS($B$2:$B$2016,B36,$G$2:$G$2016,"Fail")>0,"Fail", IF(COUNTIFS($B$2:$B$2016,B36,$G$2:$G$2016,"Missing")>0,"Pending", "Pass")) -> Pass | I36: 98.67 | J36: % | K36: 97 | L36: 100 | M36: =Raw_LIMS_Export!K36 -> 45655 | N36: S. Fischer
A37: S000375 | B37: ARO-2025-00085 | C37: Aroma Chemical | D37: =_xlfn.XLOOKUP(Raw_LIMS_Export!E37,'mapping Site table'!$B$4:$B$14,'mapping Site table'!$C$4:$C$14,Raw_LIMS_Export!E37) -> Dortmund DE | E37: Density_g_ml | F37: =IF(I37="",0,1) -> 1 | G37: =IF(I37="", "Missing", IF(AND(I37>=K37, I37<=L37), "Pass", "Fail")) -> Fail | H37: =IF(COUNTIFS($B$2:$B$2016,B37,$G$2:$G$2016,"Fail")>0,"Fail", IF(COUNTIFS($B$2:$B$2016,B37,$G$2:$G$2016,"Missing")>0,"Pending", "Pass")) -> Fail | I37: 0.79 | J37: g/ml | K37: 0.88 | L37: 0.97 | M37: =Raw_LIMS_Export!K37 -> 45739 | N37: m. toth
A38: S001960 | B38: FRA-2024-00438 | C38: Fragrance Oil | D38: =_xlfn.XLOOKUP(Raw_LIMS_Export!E38,'mapping Site table'!$B$4:$B$14,'mapping Site table'!$C$4:$C$14,Raw_LIMS_Export!E38) -> Budapest | E38: Moisture_Pct | F38: =IF(I38="",0,1) -> 1 | G38: =IF(I38="", "Missing", IF(AND(I38>=K38, I38<=L38), "Pass", "Fail")) -> Pass | H38: =IF(COUNTIFS($B$2:$B$2016,B38,$G$2:$G$2016,"Fail")>0,"Fail", IF(COUNTIFS($B$2:$B$2016,B38,$G$2:$G$2016,"Missing")>0,"Pending", "Pass")) -> Pass | I38: 0.21 | J38: % | K38: 0 | L38: 1 | M38: =Raw_LIMS_Export!K38 -> 45543 | N38: P. Meier
A39: S000673 | B39: FOO-2025-00153 | C39: Food Ingredient Extract | D39: =_xlfn.XLOOKUP(Raw_LIMS_Export!E39,'mapping Site table'!$B$4:$B$14,'mapping Site table'!$C$4:$C$14,Raw_LIMS_Export!E39) -> Dortmund DE | E39: Purity_Pct | F39: =IF(I39="",0,1) -> 1 | G39: =IF(I39="", "Missing", IF(AND(I39>=K39, I39<=L39), "Pass", "Fail")) -> Pass | H39: =IF(COUNTIFS($B$2:$B$2016,B39,$G$2:$G$2016,"Fail")>0,"Fail", IF(COUNTIFS($B$2:$B$2016,B39,$G$2:$G$2016,"Missing")>0,"Pending", "Pass")) -> Fail | I39: 98.78 | J39: % | K39: 97 | L39: 100 | M39: =Raw_LIMS_Export!K39 -> 45845 | N39: A. Kovacs
A40: S001038 | B40: FOO-2024-00233 | C40: Food Ingredient Extract | D40: =_xlfn.XLOOKUP(Raw_LIMS_Export!E40,'mapping Site table'!$B$4:$B$14,'mapping Site table'!$C$4:$C$14,Raw_LIMS_Export!E40) -> Dortmund DE | E40: Microbial_Count_CFU_g | F40: =IF(I40="",0,1) -> 1 | G40: =IF(I40="", "Missing", IF(AND(I40>=K40, I40<=L40), "Pass", "Fail")) -> Fail | H40: =IF(COUNTIFS($B$2:$B$2016,B40,$G$2:$G$2016,"Fail")>0,"Fail", IF(COUNTIFS($B$2:$B$2016,B40,$G$2:$G$2016,"Missing")>0,"Pending", "Pass")) -> Fail | I40: -27.76 | J40: CFU/g | K40: 0 | L40: 100 | M40: =Raw_LIMS_Export!K40 -> 45452 | N40: K. Varga
A41: S000946 | B41: FLA-2024-00214 | C41: Flavor Compound | D41: =_xlfn.XLOOKUP(Raw_LIMS_Export!E41,'mapping Site table'!$B$4:$B$14,'mapping Site table'!$C$4:$C$14,Raw_LIMS_Export!E41) -> East Hanover | E41: Microbial_Count_CFU_g | F41: =IF(I41="",0,1) -> 1 | G41: =IF(I41="", "Missing", IF(AND(I41>=K41, I41<=L41), "Pass", "Fail")) -> Pass | H41: =IF(COUNTIFS($B$2:$B$2016,B41,$G$2:$G$2016,"Fail")>0,"Fail", IF(COUNTIFS($B$2:$B$2016,B41,$G$2:$G$2016,"Missing")>0,"Pending", "Pass")) -> Pass | I41: 30.04 | J41: CFU/g | K41: 0 | L41: 100 | M41: =Raw_LIMS_Export!K41 -> 45398 | N41: M. Toth
A42: S000545 | B42: FLA-2024-00123 | C42: Flavor Compound | D42: =_xlfn.XLOOKUP(Raw_LIMS_Export!E42,'mapping Site table'!$B$4:$B$14,'mapping Site table'!$C$4:$C$14,Raw_LIMS_Export!E42) -> Dortmund DE | E42: Particle_Size_um | F42: =IF(I42="",0,1) -> 1 | G42: =IF(I42="", "Missing", IF(AND(I42>=K42, I42<=L42), "Pass", "Fail")) -> Pass | H42: =IF(COUNTIFS($B$2:$B$2016,B42,$G$2:$G$2016,"Fail")>0,"Fail", IF(COUNTIFS($B$2:$B$2016,B42,$G$2:$G$2016,"Missing")>0,"Pending", "Pass")) -> Fail | I42: 231.5 | J42: um | K42: 150 | L42: 400 | M42: =Raw_LIMS_Export!K42 -> 45564 | N42: K. Varga
A43: S001697 | B43: FRA-2024-00380 | C43: Fragrance Oil | D43: =_xlfn.XLOOKUP(Raw_LIMS_Export!E43,'mapping Site table'!$B$4:$B$14,'mapping Site table'!$C$4:$C$14,Raw_LIMS_Export!E43) -> East Hanover | E43: Residual_Solvent_ppm | F43: =IF(I43="",0,1) -> 1 | G43: =IF(I43="", "Missing", IF(AND(I43>=K43, I43<=L43), "Pass", "Fail")) -> Pass | H43: =IF(COUNTIFS($B$2:$B$2016,B43,$G$2:$G$2016,"Fail")>0,"Fail", IF(COUNTIFS($B$2:$B$2016,B43,$G$2:$G$2016,"Missing")>0,"Pending", "Pass")) -> Fail | I43: 14.22 | J43: ppm | K43: 0 | L43: 120 | M43: =Raw_LIMS_Export!K43 -> 45461 | N43: K. Varga
A44: S001670 | B44: FRA-2025-00374 | C44: Fragrance Oil | D44: =_xlfn.XLOOKUP(Raw_LIMS_Export!E44,'mapping Site table'!$B$4:$B$14,'mapping Site table'!$C$4:$C$14,Raw_LIMS_Export!E44) -> East Hanover | E44: Residual_Solvent_ppm | F44: =IF(I44="",0,1) -> 1 | G44: =IF(I44="", "Missing", IF(AND(I44>=K44, I44<=L44), "Pass", "Fail")) -> Pass | H44: =IF(COUNTIFS($B$2:$B$2016,B44,$G$2:$G$2016,"Fail")>0,"Fail", IF(COUNTIFS($B$2:$B$2016,B44,$G$2:$G$2016,"Missing")>0,"Pending", "Pass")) -> Pass | I44: 45.13 | J44: ppm | K44: 0 | L44: 120 | M44: =Raw_LIMS_Export!K44 -> 45703 | N44: m. toth
A45: S000607 | B45: ARO-2024-00137 | C45: Aroma Chemical | D45: =_xlfn.XLOOKUP(Raw_LIMS_Export!E45,'mapping Site table'!$B$4:$B$14,'mapping Site table'!$C$4:$C$14,Raw_LIMS_Export!E45) -> Vernier CH | E45: Purity_Pct | F45: =IF(I45="",0,1) -> 1 | G45: =IF(I45="", "Missing", IF(AND(I45>=K45, I45<=L45), "Pass", "Fail")) -> Pass | H45: =IF(COUNTIFS($B$2:$B$2016,B45,$G$2:$G$2016,"Fail")>0,"Fail", IF(COUNTIFS($B$2:$B$2016,B45,$G$2:$G$2016,"Missing")>0,"Pending", "Pass")) -> Fail | I45: 98.61 | J45: % | K45: 97 | L45: 100 | M45: =Raw_LIMS_Export!K45 -> 45510 | N45: P. Meier
A46: S000502 | B46: FLA-2025-00112 | C46: Flavor Compound | D46: =_xlfn.XLOOKUP(Raw_LIMS_Export!E46,'mapping Site table'!$B$4:$B$14,'mapping Site table'!$C$4:$C$14,Raw_LIMS_Export!E46) -> Budapest | E46: Moisture_Pct | F46: =IF(I46="",0,1) -> 1 | G46: =IF(I46="", "Missing", IF(AND(I46>=K46, I46<=L46), "Pass", "Fail")) -> Pass | H46: =IF(COUNTIFS($B$2:$B$2016,B46,$G$2:$G$2016,"Fail")>0,"Fail", IF(COUNTIFS($B$2:$B$2016,B46,$G$2:$G$2016,"Missing")>0,"Pending", "Pass")) -> Pass | I46: 0.11 | J46: % | K46: 0 | L46: 1 | M46: =Raw_LIMS_Export!K46 -> 46020 | N46: T. Weber
... A53: S000695 | B53: FOO-2025-00158 | C53: Food Ingredient Extract | D53: =_xlfn.XLOOKUP(Raw_LIMS_Export!E53,'mapping Site table'!$B$4:$B$14,'mapping Site table'!$C$4:$C$14,Raw_LIMS_Export!E53) -> East Hanover | E53: Moisture_Pct | F53: =IF(I53="",0,1) -> 1 | G53: =IF(I53="", "Missing", IF(AND(I53>=K53, I53<=L53), "Pass", "Fail")) -> Pass | H53: =IF(COUNTIFS($B$2:$B$2016,B53,$G$2:$G$2016,"Fail")>0,"Fail", IF(COUNTIFS($B$2:$B$2016,B53,$G$2:$G$2016,"Missing")>0,"Pending", "Pass")) -> Pass | I53: 0.2 | J53: % | K53: 0 | L53: 1 | M53: =Raw_LIMS_Export!K53 -> 45845 | N53: J. Nagy
A54: S000285 | B54: FLA-2025-00065 | C54: Flavor Compound | D54: =_xlfn.XLOOKUP(Raw_LIMS_Export!E54,'mapping Site table'!$B$4:$B$14,'mapping Site table'!$C$4:$C$14,Raw_LIMS_Export!E54) -> East Hanover | E54: Particle_Size_um | F54: =IF(I54="",0,1) -> 0 | G54: =IF(I54="", "Missing", IF(AND(I54>=K54, I54<=L54), "Pass", "Fail")) -> Missing | H54: =IF(COUNTIFS($B$2:$B$2016,B54,$G$2:$G$2016,"Fail")>0,"Fail", IF(COUNTIFS($B$2:$B$2016,B54,$G$2:$G$2016,"Missing")>0,"Pending", "Pass")) -> Fail | J54: um | K54: 150 | L54: 400 | M54: =Raw_LIMS_Export!K54 -> 45884 | N54: S. Fischer
A55: S000413 | B55: FOO-2025-00094 | C55: Food Ingredient Extract | D55: =_xlfn.XLOOKUP(Raw_LIMS_Export!E55,'mapping Site table'!$B$4:$B$14,'mapping Site table'!$C$4:$C$14,Raw_LIMS_Export!E55) -> Vernier CH | E55: Purity_Pct | F55: =IF(I55="",0,1) -> 1 | G55: =IF(I55="", "Missing", IF(AND(I55>=K55, I55<=L55), "Pass", "Fail")) -> Pass | H55: =IF(COUNTIFS($B$2:$B$2016,B55,$G$2:$G$2016,"Fail")>0,"Fail", IF(COUNTIFS($B$2:$B$2016,B55,$G$2:$G$2016,"Missing")>0,"Pending", "Pass")) -> Pass | I55: 98.92 | J55: % | K55: 97 | L55: 100 | M55: =Raw_LIMS_Export!K55 -> 45715 | N55: L. Rossi
A56: S001305 | B56: ESS-2025-00291 | C56: Essential Oil Blend | D56: =_xlfn.XLOOKUP(Raw_LIMS_Export!E56,'mapping Site table'!$B$4:$B$14,'mapping Site table'!$C$4:$C$14,Raw_LIMS_Export!E56) -> East Hanover | E56: Moisture_Pct | F56: =IF(I56="",0,1) -> 1 | G56: =IF(I56="", "Missing", IF(AND(I56>=K56, I56<=L56), "Pass", "Fail")) -> Pass | H56: =IF(COUNTIFS($B$2:$B$2016,B56,$G$2:$G$2016,"Fail")>0,"Fail", IF(COUNTIFS($B$2:$B$2016,B56,$G$2:$G$2016,"Missing")>0,"Pending", "Pass")) -> Pass | I56: 0.36 | J56: % | K56: 0 | L56: 1 | M56: =Raw_LIMS_Export!K56 -> 45950 | N56: S. Fischer
A57: S001412 | B57: ESS-2024-00315 | C57: Essential Oil Blend | D57: =_xlfn.XLOOKUP(Raw_LIMS_Export!E57,'mapping Site table'!$B$4:$B$14,'mapping Site table'!$C$4:$C$14,Raw_LIMS_Export!E57) -> Ashford UK | E57: Particle_Size_um | F57: =IF(I57="",0,1) -> 1 | G57: =IF(I57="", "Missing", IF(AND(I57>=K57, I57<=L57), "Pass", "Fail")) -> Pass | H57: =IF(COUNTIFS($B$2:$B$2016,B57,$G$2:$G$2016,"Fail")>0,"Fail", IF(COUNTIFS($B$2:$B$2016,B57,$G$2:$G$2016,"Missing")>0,"Pending", "Pass")) -> Pass | I57: 246.32 | J57: um | K57: 150 | L57: 400 | M57: =Raw_LIMS_Export!K57 -> 45566 | N57: P. Meier
A58: S001982 | B58: ESS-2025-00443 | C58: Essential Oil Blend | D58: =_xlfn.XLOOKUP(Raw_LIMS_Export!E58,'mapping Site table'!$B$4:$B$14,'mapping Site table'!$C$4:$C$14,Raw_LIMS_Export!E58) -> Ashford UK | E58: Microbial_Count_CFU_g | F58: =IF(I58="",0,1) -> 1 | G58: =IF(I58="", "Missing", IF(AND(I58>=K58, I58<=L58), "Pass", "Fail")) -> Fail | H58: =IF(COUNTIFS($B$2:$B$2016,B58,$G$2:$G$2016,"Fail")>0,"Fail", IF(COUNTIFS($B$2:$B$2016,B58,$G$2:$G$2016,"Missing")>0,"Pending", "Pass")) -> Fail | I58: -50.75 | J58: CFU/g | K58: 0 | L58: 100 | M58: =Raw_LIMS_Export!K58 -> 45844 | N58: L. Rossi
A59: S001842 | B59: ESS-2025-00412 | C59: Essential Oil Blend | D59: =_xlfn.XLOOKUP(Raw_LIMS_Export!E59,'mapping Site table'!$B$4:$B$14,'mapping Site table'!$C$4:$C$14,Raw_LIMS_Export!E59) -> Budapest | E59: Microbial_Count_CFU_g | F59: =IF(I59="",0,1) -> 1 | G59: =IF(I59="", "Missing", IF(AND(I59>=K59, I59<=L59), "Pass", "Fail")) -> Pass | H59: =IF(COUNTIFS($B$2:$B$2016,B59,$G$2:$G$2016,"Fail")>0,"Fail", IF(COUNTIFS($B$2:$B$2016,B59,$G$2:$G$2016,"Missing")>0,"Pending", "Pass")) -> Fail | I59: 23.3 | J59: CFU/g | K59: 0 | L59: 100 | M59: =Raw_LIMS_Export!K59 -> 45999 | N59: A. Kovacs
A60: S001443 | B60: FOO-2025-00322 | C60: Food Ingredient Extract | D60: =_xlfn.XLOOKUP(Raw_LIMS_Export!E60,'mapping Site table'!$B$4:$B$14,'mapping Site table'!$C$4:$C$14,Raw_LIMS_Export!E60) -> East Hanover | E60: Microbial_Count_CFU_g | F60: =IF(I60="",0,1) -> 1 | G60: =IF(I60="", "Missing", IF(AND(I60>=K60, I60<=L60), "Pass", "Fail")) -> Fail | H60: =IF(COUNTIFS($B$2:$B$2016,B60,$G$2:$G$2016,"Fail")>0,"Fail", IF(COUNTIFS($B$2:$B$2016,B60,$G$2:$G$2016,"Missing")>0,"Pending", "Pass")) -> Fail | I60: -21.13 | J60: CFU/g | K60: 0 | L60: 100 | M60: =Raw_LIMS_Export!K60 -> 45766 | N60: S. Fischer
A61: S000340 | B61: FRA-2024-00077 | C61: Fragrance Oil | D61: =_xlfn.XLOOKUP(Raw_LIMS_Export!E61,'mapping Site table'!$B$4:$B$14,'mapping Site table'!$C$4:$C$14,Raw_LIMS_Export!E61) -> Vernier CH | E61: Moisture_Pct | F61: =IF(I61="",0,1) -> 1 | G61: =IF(I61="", "Missing", IF(AND(I61>=K61, I61<=L61), "Pass", "Fail")) -> Pass | H61: =IF(COUNTIFS($B$2:$B$2016,B61,$G$2:$G$2016,"Fail")>0,"Fail", IF(COUNTIFS($B$2:$B$2016,B61,$G$2:$G$2016,"Missing")>0,"Pending", "Pass")) -> Pass | I61: 0.46 | J61: % | K61: 0 | L61: 1 | M61: =Raw_LIMS_Export!K61 -> 45300 | N61: A. Kovacs
A62: S000364 | B62: FLA-2025-00082 | C62: Flavor Compound | D62: =_xlfn.XLOOKUP(Raw_LIMS_Export!E62,'mapping Site table'!$B$4:$B$14,'mapping Site table'!$C$4:$C$14,Raw_LIMS_Export!E62) -> Ashford UK | E62: pH | F62: =IF(I62="",0,1) -> 1 | G62: =IF(I62="", "Missing", IF(AND(I62>=K62, I62<=L62), "Pass", "Fail")) -> Pass | H62: =IF(COUNTIFS($B$2:$B$2016,B62,$G$2:$G$2016,"Fail")>0,"Fail", IF(COUNTIFS($B$2:$B$2016,B62,$G$2:$G$2016,"Missing")>0,"Pending", "Pass")) -> Pending | I62: 7.06 | K62: 6 | L62: 7.5 | M62: =Raw_LIMS_Export!K62 -> 45853 | N62: M. Toth
A63: S000904 | B63: ARO-2025-00204 | C63: Aroma Chemical | D63: =_xlfn.XLOOKUP(Raw_LIMS_Export!E63,'mapping Site table'!$B$4:$B$14,'mapping Site table'!$C$4:$C$14,Raw_LIMS_Export!E63) -> Vernier CH | E63: Moisture_Pct | F63: =IF(I63="",0,1) -> 1 | G63: =IF(I63="", "Missing", IF(AND(I63>=K63, I63<=L63), "Pass", "Fail")) -> Pass | H63: =IF(COUNTIFS($B$2:$B$2016,B63,$G$2:$G$2016,"Fail")>0,"Fail", IF(COUNTIFS($B$2:$B$2016,B63,$G$2:$G$2016,"Missing")>0,"Pending", "Pass")) -> Fail | I63: 0.44 | J63: % | K63: 0 | L63: 1 | M63: =Raw_LIMS_Export!K63 -> 45864 | N63: M. Toth
A64: S001012 | B64: FRA-2024-00228 | C64: Fragrance Oil | D64: =_xlfn.XLOOKUP(Raw_LIMS_Export!E64,'mapping Site table'!$B$4:$B$14,'mapping Site table'!$C$4:$C$14,Raw_LIMS_Export!E64) -> Dortmund DE | E64: Microbial_Count_CFU_g | F64: =IF(I64="",0,1) -> 1 | G64: =IF(I64="", "Missing", IF(AND(I64>=K64, I64<=L64), "Pass", "Fail")) -> Pass | H64: =IF(COUNTIFS($B$2:$B$2016,B64,$G$2:$G$2016,"Fail")>0,"Fail", IF(COUNTIFS($B$2:$B$2016,B64,$G$2:$G$2016,"Missing")>0,"Pending", "Pass")) -> Pass | I64: 18.95 | J64: CFU/g | K64: 0 | L64: 100 | M64: =Raw_LIMS_Export!K64 -> 45544 | N64: L. Rossi
A65: S001679 | B65: FRA-2024-00376 | C65: Fragrance Oil | D65: =_xlfn.XLOOKUP(Raw_LIMS_Export!E65,'mapping Site table'!$B$4:$B$14,'mapping Site table'!$C$4:$C$14,Raw_LIMS_Export!E65) -> Ashford UK | E65: Purity_Pct | F65: =IF(I65="",0,1) -> 1 | G65: =IF(I65="", "Missing", IF(AND(I65>=K65, I65<=L65), "Pass", "Fail")) -> Fail | H65: =IF(COUNTIFS($B$2:$B$2016,B65,$G$2:$G$2016,"Fail")>0,"Fail", IF(COUNTIFS($B$2:$B$2016,B65,$G$2:$G$2016,"Missing")>0,"Pending", "Pass")) -> Fail | I65: 101.8 | J65: % | K65: 97 | L65: 100 | M65: =Raw_LIMS_Export!K65 -> 45409 | N65: m. toth
A66: S000736 | B66: ARO-2024-00167 | C66: Aroma Chemical | D66: =_xlfn.XLOOKUP(Raw_LIMS_Export!E66,'mapping Site table'!$B$4:$B$14,'mapping Site table'!$C$4:$C$14,Raw_LIMS_Export!E66) -> Dortmund DE | E66: Residual_Solvent_ppm | F66: =IF(I66="",0,1) -> 1 | G66: =IF(I66="", "Missing", IF(AND(I66>=K66, I66<=L66), "Pass", "Fail")) -> Pass | H66: =IF(COUNTIFS($B$2:$B$2016,B66,$G$2:$G$2016,"Fail")>0,"Fail", IF(COUNTIFS($B$2:$B$2016,B66,$G$2:$G$2016,"Missing")>0,"Pending", "Pass")) -> Pending | I66: 52.51 | J66: ppm | K66: 0 | L66: 120 | M66: =Raw_LIMS_Export!K66 -> 45638 | N66: S. Fischer
A67: S000387 | B67: ARO-2024-00088 | C67: Aroma Chemical | D67: =_xlfn.XLOOKUP(Raw_LIMS_Export!E67,'mapping Site table'!$B$4:$B$14,'mapping Site table'!$C$4:$C$14,Raw_LIMS_Export!E67) -> Ashford UK | E67: Moisture_Pct | F67: =IF(I67="",0,1) -> 1 | G67: =IF(I67="", "Missing", IF(AND(I67>=K67, I67<=L67), "Pass", "Fail")) -> Pass | H67: =IF(COUNTIFS($B$2:$B$2016,B67,$G$2:$G$2016,"Fail")>0,"Fail", IF(COUNTIFS($B$2:$B$2016,B67,$G$2:$G$2016,"Missing")>0,"Pending", "Pass")) -> Pass | I67: 0.41 | J67: % | K67: 0 | L67: 1 | M67: =Raw_LIMS_Export!K67 -> 45416 | N67: T. Weber
A68: S001509 | B68: FLA-2025-00336 | C68: Flavor Compound | D68: =_xlfn.XLOOKUP(Raw_LIMS_Export!E68,'mapping Site table'!$B$4:$B$14,'mapping Site table'!$C$4:$C$14,Raw_LIMS_Export!E68) -> Budapest | E68: Residual_Solvent_ppm | F68: =IF(I68="",0,1) -> 1 | G68: =IF(I68="", "Missing", IF(AND(I68>=K68, I68<=L68), "Pass", "Fail")) -> Pass | H68: =IF(COUNTIFS($B$2:$B$2016,B68,$G$2:$G$2016,"Fail")>0,"Fail", IF(COUNTIFS($B$2:$B$2016,B68,$G$2:$G$2016,"Missing")>0,"Pending", "Pass")) -> Pass | I68: 34.86 | J68: ppm | K68: 0 | L68: 120 | M68: =Raw_LIMS_Export!K68 -> 45686 | N68: T. Weber
A69: S001150 | B69: FOO-2025-00258 | C69: Food Ingredient Extract | D69: =_xlfn.XLOOKUP(Raw_LIMS_Export!E69,'mapping Site table'!$B$4:$B$14,'mapping Site table'!$C$4:$C$14,Raw_LIMS_Export!E69) -> East Hanover | E69: Residual_Solvent_ppm | F69: =IF(I69="",0,1) -> 1 | G69: =IF(I69="", "Missing", IF(AND(I69>=K69, I69<=L69), "Pass", "Fail")) -> Pass | H69: =IF(COUNTIFS($B$2:$B$2016,B69,$G$2:$G$2016,"Fail")>0,"Fail", IF(COUNTIFS($B$2:$B$2016,B69,$G$2:$G$2016,"Missing")>0,"Pending", "Pass")) -> Pass | I69: 65.31 | J69: ppm | K69: 0 | L69: 120 | M69: =Raw_LIMS_Export!K69 -> 45955 | N69: P. Meier
A70: S000838 | B70: FLA-2025-00190 | C70: Flavor Compound | D70: =_xlfn.XLOOKUP(Raw_LIMS_Export!E70,'mapping Site table'!$B$4:$B$14,'mapping Site table'!$C$4:$C$14,Raw_LIMS_Export!E70) -> Ashford UK | E70: Moisture_Pct | F70: =IF(I70="",0,1) -> 1 | G70: =IF(I70="", "Missing", IF(AND(I70>=K70, I70<=L70), "Pass", "Fail")) -> Pass | H70: =IF(COUNTIFS($B$2:$B$2016,B70,$G$2:$G$2016,"Fail")>0,"Fail", IF(COUNTIFS($B$2:$B$2016,B70,$G$2:$G$2016,"Missing")>0,"Pending", "Pass")) -> Pass | I70: 0.34 | J70: % | K70: 0 | L70: 1 | M70: =Raw_LIMS_Export!K70 -> 45885 | N70: A. Kovacs
A71: S001664 | B71: FRA-2025-00372 | C71: Fragrance Oil | D71: =_xlfn.XLOOKUP(Raw_LIMS_Export!E71,'mapping Site table'!$B$4:$B$14,'mapping Site table'!$C$4:$C$14,Raw_LIMS_Export!E71) -> Ashford UK | E71: pH | F71: =IF(I71="",0,1) -> 1 | G71: =IF(I71="", "Missing", IF(AND(I71>=K71, I71<=L71), "Pass", "Fail")) -> Pass | H71: =IF(COUNTIFS($B$2:$B$2016,B71,$G$2:$G$2016,"Fail")>0,"Fail", IF(COUNTIFS($B$2:$B$2016,B71,$G$2:$G$2016,"Missing")>0,"Pending", "Pass")) -> Pass | I71: 6.37 | K71: 6 | L71: 7.5 | M71: =Raw_LIMS_Export!K71 -> 45777 | N71: P. Meier
A72: S000639 | B72: ESS-2025-00145 | C72: Essential Oil Blend | D72: =_xlfn.XLOOKUP(Raw_LIMS_Export!E72,'mapping Site table'!$B$4:$B$14,'mapping Site table'!$C$4:$C$14,Raw_LIMS_Export!E72) -> Ashford UK | E72: Particle_Size_um | F72: =IF(I72="",0,1) -> 1 | G72: =IF(I72="", "Missing", IF(AND(I72>=K72, I72<=L72), "Pass", "Fail")) -> Pass | H72: =IF(COUNTIFS($B$2:$B$2016,B72,$G$2:$G$2016,"Fail")>0,"Fail", IF(COUNTIFS($B$2:$B$2016,B72,$G$2:$G$2016,"Missing")>0,"Pending", "Pass")) -> Pass | I72: 237.51 | J72: um | K72: 150 | L72: 400 | M72: =Raw_LIMS_Export!K72 -> 45860 | N72: S. Fischer
A73: S001171 | B73: ARO-2024-00263 | C73: Aroma Chemical | D73: =_xlfn.XLOOKUP(Raw_LIMS_Export!E73,'mapping Site table'!$B$4:$B$14,'mapping Site table'!$C$4:$C$14,Raw_LIMS_Export!E73) -> Budapest | E73: Density_g_ml | F73: =IF(I73="",0,1) -> 1 | G73: =IF(I73="", "Missing", IF(AND(I73>=K73, I73<=L73), "Pass", "Fail")) -> Pass | H73: =IF(COUNTIFS($B$2:$B$2016,B73,$G$2:$G$2016,"Fail")>0,"Fail", IF(COUNTIFS($B$2:$B$2016,B73,$G$2:$G$2016,"Missing")>0,"Pending", "Pass")) -> Pending | I73: 0.92 | J73: g/ml | K73: 0.88 | L73: 0.97 | M73: =Raw_LIMS_Export!K73 -> 45304 | N73: J. Nagy
A74: S001638 | B74: FOO-2024-00367 | C74: Food Ingredient Extract | D74: =_xlfn.XLOOKUP(Raw_LIMS_Export!E74,'mapping Site table'!$B$4:$B$14,'mapping Site table'!$C$4:$C$14,Raw_LIMS_Export!E74) -> Dortmund DE | E74: Residual_Solvent_ppm | F74: =IF(I74="",0,1) -> 1 | G74: =IF(I74="", "Missing", IF(AND(I74>=K74, I74<=L74), "Pass", "Fail")) -> Pass | H74: =IF(COUNTIFS($B$2:$B$2016,B74,$G$2:$G$2016,"Fail")>0,"Fail", IF(COUNTIFS($B$2:$B$2016,B74,$G$2:$G$2016,"Missing")>0,"Pending", "Pass")) -> Pass | I74: 54.35 | J74: ppm | K74: 0 | L74: 120 | M74: =Raw_LIMS_Export!K74 -> 45610 | N74: T. Weber
A75: S001446 | B75: FLA-2024-00323 | C75: Flavor Compound | D75: =_xlfn.XLOOKUP(Raw_LIMS_Export!E75,'mapping Site table'!$B$4:$B$14,'mapping Site table'!$C$4:$C$14,Raw_LIMS_Export!E75) -> Ashford UK | E75: Particle_Size_um | F75: =IF(I75="",0,1) -> 1 | G75: =IF(I75="", "Missing", IF(AND(I75>=K75, I75<=L75), "Pass", "Fail")) -> Pass | H75: =IF(COUNTIFS($B$2:$B$2016,B75,$G$2:$G$2016,"Fail")>0,"Fail", IF(COUNTIFS($B$2:$B$2016,B75,$G$2:$G$2016,"Missing")>0,"Pending", "Pass")) -> Pass | I75: 242.7 | J75: um | K75: 150 | L75: 400 | M75: =Raw_LIMS_Export!K75 -> 45392 | N75: P. Meier
A76: S001280 | B76: ESS-2025-00286 | C76: Essential Oil Blend | D76: =_xlfn.XLOOKUP(Raw_LIMS_Export!E76,'mapping Site table'!$B$4:$B$14,'mapping Site table'!$C$4:$C$14,Raw_LIMS_Export!E76) -> Ashford UK | E76: Density_g_ml | F76: =IF(I76="",0,1) -> 1 | G76: =IF(I76="", "Missing", IF(AND(I76>=K76, I76<=L76), "Pass", "Fail")) -> Pass | H76: =IF(COUNTIFS($B$2:$B$2016,B76,$G$2:$G$2016,"Fail")>0,"Fail", IF(COUNTIFS($B$2:$B$2016,B76,$G$2:$G$2016,"Missing")>0,"Pending", "Pass")) -> Pass | I76: 0.92 | J76: g/ml | K76: 0.88 | L76: 0.97 | M76: =Raw_LIMS_Export!K76 -> 45979 | N76: P. Meier
A77: S000300 | B77: FOO-2025-00068 | C77: Food Ingredient Extract | D77: =_xlfn.XLOOKUP(Raw_LIMS_Export!E77,'mapping Site table'!$B$4:$B$14,'mapping Site table'!$C$4:$C$14,Raw_LIMS_Export!E77) -> Ashford UK | E77: Moisture_Pct | F77: =IF(I77="",0,1) -> 1 | G77: =IF(I77="", "Missing", IF(AND(I77>=K77, I77<=L77), "Pass", "Fail")) -> Pass | H77: =IF(COUNTIFS($B$2:$B$2016,B77,$G$2:$G$2016,"Fail")>0,"Fail", IF(COUNTIFS($B$2:$B$2016,B77,$G$2:$G$2016,"Missing")>0,"Pending", "Pass")) -> Pass | I77: 0.41 | J77: % | K77: 0 | L77: 1 | M77: =Raw_LIMS_Export!K77 -> 45874 | N77: A. Kovacs
A78: S000977 | B78: FLA-2025-00221 | C78: Flavor Compound | D78: =_xlfn.XLOOKUP(Raw_LIMS_Export!E78,'mapping Site table'!$B$4:$B$14,'mapping Site table'!$C$4:$C$14,Raw_LIMS_Export!E78) -> Dortmund DE | E78: Purity_Pct | F78: =IF(I78="",0,1) -> 1 | G78: =IF(I78="", "Missing", IF(AND(I78>=K78, I78<=L78), "Pass", "Fail")) -> Pass | H78: =IF(COUNTIFS($B$2:$B$2016,B78,$G$2:$G$2016,"Fail")>0,"Fail", IF(COUNTIFS($B$2:$B$2016,B78,$G$2:$G$2016,"Missing")>0,"Pending", "Pass")) -> Fail | I78: 98.76 | J78: % | K78: 97 | L78: 100 | M78: =Raw_LIMS_Export!K78 -> 46008 | N78: J. Nagy
A79: S001859 | B79: ESS-2025-00416 | C79: Essential Oil Blend | D79: =_xlfn.XLOOKUP(Raw_LIMS_Export!E79,'mapping Site table'!$B$4:$B$14,'mapping Site table'!$C$4:$C$14,Raw_LIMS_Export!E79) -> Ashford UK | E79: Residual_Solvent_ppm | F79: =IF(I79="",0,1) -> 1 | G79: =IF(I79="", "Missing", IF(AND(I79>=K79, I79<=L79), "Pass", "Fail")) -> Fail | H79: =IF(COUNTIFS($B$2:$B$2016,B79,$G$2:$G$2016,"Fail")>0,"Fail", IF(COUNTIFS($B$2:$B$2016,B79,$G$2:$G$2016,"Missing")>0,"Pending", "Pass")) -> Fail | I79: -13.42 | J79: ppm | K79: 0 | L79: 120 | M79: =Raw_LIMS_Export!K79 -> 45668 | N79: T. Weber
A80: S000109 | B80: ARO-2025-00025 | C80: Aroma Chemical | D80: =_xlfn.XLOOKUP(Raw_LIMS_Export!E80,'mapping Site table'!$B$4:$B$14,'mapping Site table'!$C$4:$C$14,Raw_LIMS_Export!E80) -> East Hanover | E80: Density_g_ml | F80: =IF(I80="",0,1) -> 1 | G80: =IF(I80="", "Missing", IF(AND(I80>=K80, I80<=L80), "Pass", "Fail")) -> Pass | H80: =IF(COUNTIFS($B$2:$B$2016,B80,$G$2:$G$2016,"Fail")>0,"Fail", IF(COUNTIFS($B$2:$B$2016,B80,$G$2:$G$2016,"Missing")>0,"Pending", "Pass")) -> Pass | I80: 0.9 | J80: g/ml | K80: 0.88 | L80: 0.97 | M80: =Raw_LIMS_Export!K80 -> 45924 | N80: J NAGY
A81: S001472 | B81: ESS-2024-00328 | C81: Essential Oil Blend | D81: =_xlfn.XLOOKUP(Raw_LIMS_Export!E81,'mapping Site table'!$B$4:$B$14,'mapping Site table'!$C$4:$C$14,Raw_LIMS_Export!E81) -> Ashford UK | E81: Microbial_Count_CFU_g | F81: =IF(I81="",0,1) -> 1 | G81: =IF(I81="", "Missing", IF(AND(I81>=K81, I81<=L81), "Pass", "Fail")) -> Pass | H81: =IF(COUNTIFS($B$2:$B$2016,B81,$G$2:$G$2016,"Fail")>0,"Fail", IF(COUNTIFS($B$2:$B$2016,B81,$G$2:$G$2016,"Missing")>0,"Pending", "Pass")) -> Pass | I81: 40.64 | J81: CFU/g | K81: 0 | L81: 100 | M81: =Raw_LIMS_Export!K81 -> 45399 | N81: K. Varga
A82: S001583 | B82: FLA-2025-00353 | C82: Flavor Compound | D82: =_xlfn.XLOOKUP(Raw_LIMS_Export!E82,'mapping Site table'!$B$4:$B$14,'mapping Site table'!$C$4:$C$14,Raw_LIMS_Export!E82) -> Budapest | E82: Particle_Size_um | F82: =IF(I82="",0,1) -> 1 | G82: =IF(I82="", "Missing", IF(AND(I82>=K82, I82<=L82), "Pass", "Fail")) -> Pass | H82: =IF(COUNTIFS($B$2:$B$2016,B82,$G$2:$G$2016,"Fail")>0,"Fail", IF(COUNTIFS($B$2:$B$2016,B82,$G$2:$G$2016,"Missing")>0,"Pending", "Pass")) -> Pass | I82: 239.96 | J82: um | K82: 150 | L82: 400 | M82: =Raw_LIMS_Export!K82 -> 45973 | N82: K. Varga
A83: S000518 | B83: FOO-2025-00116 | C83: Food Ingredient Extract | D83: =_xlfn.XLOOKUP(Raw_LIMS_Export!E83,'mapping Site table'!$B$4:$B$14,'mapping Site table'!$C$4:$C$14,Raw_LIMS_Export!E83) -> Vernier CH | E83: pH | F83: =IF(I83="",0,1) -> 1 | G83: =IF(I83="", "Missing", IF(AND(I83>=K83, I83<=L83), "Pass", "Fail")) -> Pass | H83: =IF(COUNTIFS($B$2:$B$2016,B83,$G$2:$G$2016,"Fail")>0,"Fail", IF(COUNTIFS($B$2:$B$2016,B83,$G$2:$G$2016,"Missing")>0,"Pending", "Pass")) -> Fail | I83: 7.19 | K83: 6 | L83: 7.5 | M83: =Raw_LIMS_Export!K83 -> 46008 | N83: J. Nagy
A84: S001017 | B84: FRA-2025-00229 | C84: Fragrance Oil | D84: =_xlfn.XLOOKUP(Raw_LIMS_Export!E84,'mapping Site table'!$B$4:$B$14,'mapping Site table'!$C$4:$C$14,Raw_LIMS_Export!E84) -> Budapest | E84: Particle_Size_um | F84: =IF(I84="",0,1) -> 1 | G84: =IF(I84="", "Missing", IF(AND(I84>=K84, I84<=L84), "Pass", "Fail")) -> Pass | H84: =IF(COUNTIFS($B$2:$B$2016,B84,$G$2:$G$2016,"Fail")>0,"Fail", IF(COUNTIFS($B$2:$B$2016,B84,$G$2:$G$2016,"Missing")>0,"Pending", "Pass")) -> Pass | I84: 308.03 | J84: um | K84: 150 | L84: 400 | M84: =Raw_LIMS_Export!K84 -> 45789 | N84: J NAGY
A85: S001016 | B85: FRA-2025-00229 | C85: Fragrance Oil | D85: =_xlfn.XLOOKUP(Raw_LIMS_Export!E85,'mapping Site table'!$B$4:$B$14,'mapping Site table'!$C$4:$C$14,Raw_LIMS_Export!E85) -> Budapest | E85: Density_g_ml | F85: =IF(I85="",0,1) -> 1 | G85: =IF(I85="", "Missing", IF(AND(I85>=K85, I85<=L85), "Pass", "Fail")) -> Pass | H85: =IF(COUNTIFS($B$2:$B$2016,B85,$G$2:$G$2016,"Fail")>0,"Fail", IF(COUNTIFS($B$2:$B$2016,B85,$G$2:$G$2016,"Missing")>0,"Pending", "Pass")) -> Pass | I85: 0.93 | J85: g/ml | K85: 0.88 | L85: 0.97 | M85: =Raw_LIMS_Export!K85 -> 45789 | N85: M. Toth
A86: S001184 | B86: ARO-2024-00265 | C86: Aroma Chemical | D86: =_xlfn.XLOOKUP(Raw_LIMS_Export!E86,'mapping Site table'!$B$4:$B$14,'mapping Site table'!$C$4:$C$14,Raw_LIMS_Export!E86) -> Ashford UK | E86: Microbial_Count_CFU_g | F86: =IF(I86="",0,1) -> 1 | G86: =IF(I86="", "Missing", IF(AND(I86>=K86, I86<=L86), "Pass", "Fail")) -> Fail | H86: =IF(COUNTIFS($B$2:$B$2016,B86,$G$2:$G$2016,"Fail")>0,"Fail", IF(COUNTIFS($B$2:$B$2016,B86,$G$2:$G$2016,"Missing")>0,"Pending", "Pass")) -> Fail | I86: -1.3 | J86: CFU/g | K86: 0 | L86: 100 | M86: =Raw_LIMS_Export!K86 -> 45534 | N86: A. Kovacs
A87: S001230 | B87: FRA-2024-00275 | C87: Fragrance Oil | D87: =_xlfn.XLOOKUP(Raw_LIMS_Export!E87,'mapping Site table'!$B$4:$B$14,'mapping Site table'!$C$4:$C$14,Raw_LIMS_Export!E87) -> Vernier CH | E87: Microbial_Count_CFU_g | F87: =IF(I87="",0,1) -> 1 | G87: =IF(I87="", "Missing", IF(AND(I87>=K87, I87<=L87), "Pass", "Fail")) -> Pass | H87: =IF(COUNTIFS($B$2:$B$2016,B87,$G$2:$G$2016,"Fail")>0,"Fail", IF(COUNTIFS($B$2:$B$2016,B87,$G$2:$G$2016,"Missing")>0,"Pending", "Pass")) -> Pass | I87: 13.81 | J87: CFU/g | K87: 0 | L87: 100 | M87: =Raw_LIMS_Export!K87 -> 45517 | N87: T. Weber
A88: S001973 | B88: ESS-2025-00441 | C88: Essential Oil Blend | D88: =_xlfn.XLOOKUP(Raw_LIMS_Export!E88,'mapping Site table'!$B$4:$B$14,'mapping Site table'!$C$4:$C$14,Raw_LIMS_Export!E88) -> East Hanover | E88: Residual_Solvent_ppm | F88: =IF(I88="",0,1) -> 1 | G88: =IF(I88="", "Missing", IF(AND(I88>=K88, I88<=L88), "Pass", "Fail")) -> Pass | H88: =IF(COUNTIFS($B$2:$B$2016,B88,$G$2:$G$2016,"Fail")>0,"Fail", IF(COUNTIFS($B$2:$B$2016,B88,$G$2:$G$2016,"Missing")>0,"Pending", "Pass")) -> Fail | I88: 28.51 | J88: ppm | K88: 0 | L88: 120 | M88: =Raw_LIMS_Export!K88 -> 45889 | N88: M. Toth
A89: S001532 | B89: ESS-2024-00341 | C89: Essential Oil Blend | D89: =_xlfn.XLOOKUP(Raw_LIMS_Export!E89,'mapping Site table'!$B$4:$B$14,'mapping Site table'!$C$4:$C$14,Raw_LIMS_Export!E89) -> East Hanover | E89: Purity_Pct | F89: =IF(I89="",0,1) -> 1 | G89: =IF(I89="", "Missing", IF(AND(I89>=K89, I89<=L89), "Pass", "Fail")) -> Fail | H89: =IF(COUNTIFS($B$2:$B$2016,B89,$G$2:$G$2016,"Fail")>0,"Fail", IF(COUNTIFS($B$2:$B$2016,B89,$G$2:$G$2016,"Missing")>0,"Pending", "Pass")) -> Fail | I89: 95.2 | J89: % | K89: 97 | L89: 100 | M89: =Raw_LIMS_Export!K89 -> 45542 | N89: J NAGY
A90: S001606 | B90: FRA-2024-00358 | C90: Fragrance Oil | D90: =_xlfn.XLOOKUP(Raw_LIMS_Export!E90,'mapping Site table'!$B$4:$B$14,'mapping Site table'!$C$4:$C$14,Raw_LIMS_Export!E90) -> Ashford UK | E90: pH | F90: =IF(I90="",0,1) -> 1 | G90: =IF(I90="", "Missing", IF(AND(I90>=K90, I90<=L90), "Pass", "Fail")) -> Pass | H90: =IF(COUNTIFS($B$2:$B$2016,B90,$G$2:$G$2016,"Fail")>0,"Fail", IF(COUNTIFS($B$2:$B$2016,B90,$G$2:$G$2016,"Missing")>0,"Pending", "Pass")) -> Fail | I90: 6.05 | K90: 6 | L90: 7.5 | M90: =Raw_LIMS_Export!K90 -> 45316 | N90: S. Fischer
A91: S001466 | B91: ESS-2025-00327 | C91: Essential Oil Blend | D91: =_xlfn.XLOOKUP(Raw_LIMS_Export!E91,'mapping Site table'!$B$4:$B$14,'mapping Site table'!$C$4:$C$14,Raw_LIMS_Export!E91) -> Ashford UK | E91: Density_g_ml | F91: =IF(I91="",0,1) -> 1 | G91: =IF(I91="", "Missing", IF(AND(I91>=K91, I91<=L91), "Pass", "Fail")) -> Pass | H91: =IF(COUNTIFS($B$2:$B$2016,B91,$G$2:$G$2016,"Fail")>0,"Fail", IF(COUNTIFS($B$2:$B$2016,B91,$G$2:$G$2016,"Missing")>0,"Pending", "Pass")) -> Pending | I91: 0.94 | J91: g/ml | K91: 0.88 | L91: 0.97 | M91: =Raw_LIMS_Export!K91 -> 45825 | N91: T. Weber
A92: S001498 | B92: FRA-2024-00334 | C92: Fragrance Oil | D92: =_xlfn.XLOOKUP(Raw_LIMS_Export!E92,'mapping Site table'!$B$4:$B$14,'mapping Site table'!$C$4:$C$14,Raw_LIMS_Export!E92) -> East Hanover | E92: Moisture_Pct | F92: =IF(I92="",0,1) -> 1 | G92: =IF(I92="", "Missing", IF(AND(I92>=K92, I92<=L92), "Pass", "Fail")) -> Pass | H92: =IF(COUNTIFS($B$2:$B$2016,B92,$G$2:$G$2016,"Fail")>0,"Fail", IF(COUNTIFS($B$2:$B$2016,B92,$G$2:$G$2016,"Missing")>0,"Pending", "Pass")) -> Pass | I92: 0.38 | J92: % | K92: 0 | L92: 1 | M92: =Raw_LIMS_Export!K92 -> 45385 | N92: S. Fischer
A93: S001331 | B93: ARO-2025-00297 | C93: Aroma Chemical | D93: =_xlfn.XLOOKUP(Raw_LIMS_Export!E93,'mapping Site table'!$B$4:$B$14,'mapping Site table'!$C$4:$C$14,Raw_LIMS_Export!E93) -> East Hanover | E93: Moisture_Pct | F93: =IF(I93="",0,1) -> 1 | G93: =IF(I93="", "Missing", IF(AND(I93>=K93, I93<=L93), "Pass", "Fail")) -> Pass | H93: =IF(COUNTIFS($B$2:$B$2016,B93,$G$2:$G$2016,"Fail")>0,"Fail", IF(COUNTIFS($B$2:$B$2016,B93,$G$2:$G$2016,"Missing")>0,"Pending", "Pass")) -> Pass | I93: 0.57 | J93: % | K93: 0 | L93: 1 | M93: =Raw_LIMS_Export!K93 -> 45826 | N93: K. Varga
A94: S000331 | B94: FRA-2024-00075 | C94: Fragrance Oil | D94: =_xlfn.XLOOKUP(Raw_LIMS_Export!E94,'mapping Site table'!$B$4:$B$14,'mapping Site table'!$C$4:$C$14,Raw_LIMS_Export!E94) -> East Hanover | E94: Moisture_Pct | F94: =IF(I94="",0,1) -> 1 | G94: =IF(I94="", "Missing", IF(AND(I94>=K94, I94<=L94), "Pass", "Fail")) -> Pass | H94: =IF(COUNTIFS($B$2:$B$2016,B94,$G$2:$G$2016,"Fail")>0,"Fail", IF(COUNTIFS($B$2:$B$2016,B94,$G$2:$G$2016,"Missing")>0,"Pending", "Pass")) -> Pass | I94: 0.45 | J94: % | K94: 0 | L94: 1 | M94: =Raw_LIMS_Export!K94 -> 45460 | N94: A. Kovacs
A95: S001432 | B95: ARO-2025-00319 | C95: Aroma Chemical | D95: =_xlfn.XLOOKUP(Raw_LIMS_Export!E95,'mapping Site table'!$B$4:$B$14,'mapping Site table'!$C$4:$C$14,Raw_LIMS_Export!E95) -> Dortmund DE | E95: Moisture_Pct | F95: =IF(I95="",0,1) -> 1 | G95: =IF(I95="", "Missing", IF(AND(I95>=K95, I95<=L95), "Pass", "Fail")) -> Pass | H95: =IF(COUNTIFS($B$2:$B$2016,B95,$G$2:$G$2016,"Fail")>0,"Fail", IF(COUNTIFS($B$2:$B$2016,B95,$G$2:$G$2016,"Missing")>0,"Pending", "Pass")) -> Pass | I95: 0.58 | J95: % | K95: 0 | L95: 1 | M95: =Raw_LIMS_Export!K95 -> 45915 | N95: P. Meier
A96: S000230 | B96: FLA-2024-00053 | C96: Flavor Compound | D96: =_xlfn.XLOOKUP(Raw_LIMS_Export!E96,'mapping Site table'!$B$4:$B$14,'mapping Site table'!$C$4:$C$14,Raw_LIMS_Export!E96) -> Budapest | E96: Purity_Pct | F96: =IF(I96="",0,1) -> 1 | G96: =IF(I96="", "Missing", IF(AND(I96>=K96, I96<=L96), "Pass", "Fail")) -> Pass | H96: =IF(COUNTIFS($B$2:$B$2016,B96,$G$2:$G$2016,"Fail")>0,"Fail", IF(COUNTIFS($B$2:$B$2016,B96,$G$2:$G$2016,"Missing")>0,"Pending", "Pass")) -> Pass | I96: 98.9 | J96: % | K96: 97 | L96: 100 | M96: =Raw_LIMS_Export!K96 -> 45413 | N96: P. Meier
A97: S000173 | B97: FOO-2025-00041 | C97: Food Ingredient Extract | D97: =_xlfn.XLOOKUP(Raw_LIMS_Export!E97,'mapping Site table'!$B$4:$B$14,'mapping Site table'!$C$4:$C$14,Raw_LIMS_Export!E97) -> Dortmund DE | E97: Density_g_ml | F97: =IF(I97="",0,1) -> 1 | G97: =IF(I97="", "Missing", IF(AND(I97>=K97, I97<=L97), "Pass", "Fail")) -> Pass | H97: =IF(COUNTIFS($B$2:$B$2016,B97,$G$2:$G$2016,"Fail")>0,"Fail", IF(COUNTIFS($B$2:$B$2016,B97,$G$2:$G$2016,"Missing")>0,"Pending", "Pass")) -> Pass | I97: 0.96 | J97: g/ml | K97: 0.88 | L97: 0.97 | M97: =Raw_LIMS_Export!K97 -> 46013 | N97: T. Weber
A98: S000451 | B98: FLA-2025-00101 | C98: Flavor Compound | D98: =_xlfn.XLOOKUP(Raw_LIMS_Export!E98,'mapping Site table'!$B$4:$B$14,'mapping Site table'!$C$4:$C$14,Raw_LIMS_Export!E98) -> Vernier CH | E98: Purity_Pct | F98: =IF(I98="",0,1) -> 1 | G98: =IF(I98="", "Missing", IF(AND(I98>=K98, I98<=L98), "Pass", "Fail")) -> Pass | H98: =IF(COUNTIFS($B$2:$B$2016,B98,$G$2:$G$2016,"Fail")>0,"Fail", IF(COUNTIFS($B$2:$B$2016,B98,$G$2:$G$2016,"Missing")>0,"Pending", "Pass")) -> Pass | I98: 99.01 | J98: % | K98: 97 | L98: 100 | M98: =Raw_LIMS_Export!K98 -> 45959 | N98: P. Meier
A99: S001525 | B99: FRA-2024-00340 | C99: Fragrance Oil | D99: =_xlfn.XLOOKUP(Raw_LIMS_Export!E99,'mapping Site table'!$B$4:$B$14,'mapping Site table'!$C$4:$C$14,Raw_LIMS_Export!E99) -> Dortmund DE | E99: Purity_Pct | F99: =IF(I99="",0,1) -> 1 | G99: =IF(I99="", "Missing", IF(AND(I99>=K99, I99<=L99), "Pass", "Fail")) -> Pass | H99: =IF(COUNTIFS($B$2:$B$2016,B99,$G$2:$G$2016,"Fail")>0,"Fail", IF(COUNTIFS($B$2:$B$2016,B99,$G$2:$G$2016,"Missing")>0,"Pending", "Pass")) -> Pass | I99: 98.96 | J99: % | K99: 97 | L99: 100 | M99: =Raw_LIMS_Export!K99 -> 45573 | N99: K. Varga
A100: S000128 | B100: FOO-2025-00030 | C100: Food Ingredient Extract | D100: =_xlfn.XLOOKUP(Raw_LIMS_Export!E100,'mapping Site table'!$B$4:$B$14,'mapping Site table'!$C$4:$C$14,Raw_LIMS_Export!E100) -> Ashford UK | E100: Microbial_Count_CFU_g | F100: =IF(I100="",0,1) -> 1 | G100: =IF(I100="", "Missing", IF(AND(I100>=K100, I100<=L100), "Pass", "Fail")) -> Fail | H100: =IF(COUNTIFS($B$2:$B$2016,B100,$G$2:$G$2016,"Fail")>0,"Fail", IF(COUNTIFS($B$2:$B$2016,B100,$G$2:$G$2016,"Missing")>0,"Pending", "Pass")) -> Fail | I100: -75 | J100: CFU/g | K100: 0 | L100: 100 | M100: =Raw_LIMS_Export!K100 -> 45831 | N100: M. Toth
A101: S001065 | B101: ARO-2024-00238 | C101: Aroma Chemical | D101: =_xlfn.XLOOKUP(Raw_LIMS_Export!E101,'mapping Site table'!$B$4:$B$14,'mapping Site table'!$C$4:$C$14,Raw_LIMS_Export!E101) -> Ashford UK | E101: Purity_Pct | F101: =IF(I101="",0,1) -> 1 | G101: =IF(I101="", "Missing", IF(AND(I101>=K101, I101<=L101), "Pass", "Fail")) -> Pass | H101: =IF(COUNTIFS($B$2:$B$2016,B101,$G$2:$G$2016,"Fail")>0,"Fail", IF(COUNTIFS($B$2:$B$2016,B101,$G$2:$G$2016,"Missing")>0,"Pending", "Pass")) -> Pass | I101: 99.97 | J101: % | K101: 97 | L101: 100 | M101: =Raw_LIMS_Export!K101 -> 45358 | N101: J NAGY
A102: S000038 | B102: FLA-2024-00009 | C102: Flavor Compound | D102: =_xlfn.XLOOKUP(Raw_LIMS_Export!E102,'mapping Site table'!$B$4:$B$14,'mapping Site table'!$C$4:$C$14,Raw_LIMS_Export!E102) -> Vernier CH | E102: pH | F102: =IF(I102="",0,1) -> 1 | G102: =IF(I102="", "Missing", IF(AND(I102>=K102, I102<=L102), "Pass", "Fail")) -> Pass | H102: =IF(COUNTIFS($B$2:$B$2016,B102,$G$2:$G$2016,"Fail")>0,"Fail", IF(COUNTIFS($B$2:$B$2016,B102,$G$2:$G$2016,"Missing")>0,"Pending", "Pass")) -> Fail | I102: 7 | K102: 6 | L102: 7.5 | M102: =Raw_LIMS_Export!K102 -> 45388 | N102: L. Rossi
A103: S000427 | B103: ESS-2024-00097 | C103: Essential Oil Blend | D103: =_xlfn.XLOOKUP(Raw_LIMS_Export!E103,'mapping Site table'!$B$4:$B$14,'mapping Site table'!$C$4:$C$14,Raw_LIMS_Export!E103) -> East Hanover | E103: Residual_Solvent_ppm | F103: =IF(I103="",0,1) -> 1 | G103: =IF(I103="", "Missing", IF(AND(I103>=K103, I103<=L103), "Pass", "Fail")) -> Pass | H103: =IF(COUNTIFS($B$2:$B$2016,B103,$G$2:$G$2016,"Fail")>0,"Fail", IF(COUNTIFS($B$2:$B$2016,B103,$G$2:$G$2016,"Missing")>0,"Pending", "Pass")) -> Pass | I103: 74.6 | J103: ppm | K103: 0 | L103: 120 | M103: =Raw_LIMS_Export!K103 -> 45633 | N103: L. Rossi
A104: S000205 | B104: FOO-2024-00047 | C104: Food Ingredient Extract | D104: =_xlfn.XLOOKUP(Raw_LIMS_Export!E104,'mapping Site table'!$B$4:$B$14,'mapping Site table'!$C$4:$C$14,Raw_LIMS_Export!E104) -> Ashford UK | E104: Purity_Pct | F104: =IF(I104="",0,1) -> 1 | G104: =IF(I104="", "Missing", IF(AND(I104>=K104, I104<=L104), "Pass", "Fail")) -> Pass | H104: =IF(COUNTIFS($B$2:$B$2016,B104,$G$2:$G$2016,"Fail")>0,"Fail", IF(COUNTIFS($B$2:$B$2016,B104,$G$2:$G$2016,"Missing")>0,"Pending", "Pass")) -> Pass | I104: 99.56 | J104: % | K104: 97 | L104: 100 | M104: =Raw_LIMS_Export!K104 -> 45362 | N104: J. Nagy
A105: S001250 | B105: FLA-2024-00280 | C105: Flavor Compound | D105: =_xlfn.XLOOKUP(Raw_LIMS_Export!E105,'mapping Site table'!$B$4:$B$14,'mapping Site table'!$C$4:$C$14,Raw_LIMS_Export!E105) -> Budapest | E105: Moisture_Pct | F105: =IF(I105="",0,1) -> 1 | G105: =IF(I105="", "Missing", IF(AND(I105>=K105, I105<=L105), "Pass", "Fail")) -> Pass | H105: =IF(COUNTIFS($B$2:$B$2016,B105,$G$2:$G$2016,"Fail")>0,"Fail", IF(COUNTIFS($B$2:$B$2016,B105,$G$2:$G$2016,"Missing")>0,"Pending", "Pass")) -> Pending | I105: 0.37 | J105: % | K105: 0 | L105: 1 | M105: =Raw_LIMS_Export!K105 -> 45596 | N105: L. Rossi
A106: S000186 | B106: FRA-2025-00043 | C106: Fragrance Oil | D106: =_xlfn.XLOOKUP(Raw_LIMS_Export!E106,'mapping Site table'!$B$4:$B$14,'mapping Site table'!$C$4:$C$14,Raw_LIMS_Export!E106) -> Vernier CH | E106: Density_g_ml | F106: =IF(I106="",0,1) -> 1 | G106: =IF(I106="", "Missing", IF(AND(I106>=K106, I106<=L106), "Pass", "Fail")) -> Fail | H106: =IF(COUNTIFS($B$2:$B$2016,B106,$G$2:$G$2016,"Fail")>0,"Fail", IF(COUNTIFS($B$2:$B$2016,B106,$G$2:$G$2016,"Missing")>0,"Pending", "Pass")) -> Fail | I106: 0.86 | J106: g/ml | K106: 0.88 | L106: 0.97 | M106: =Raw_LIMS_Export!K106 -> 45860 | N106: J NAGY
A107: S001269 | B107: FLA-2024-00284 | C107: Flavor Compound | D107: =_xlfn.XLOOKUP(Raw_LIMS_Export!E107,'mapping Site table'!$B$4:$B$14,'mapping Site table'!$C$4:$C$14,Raw_LIMS_Export!E107) -> Vernier CH | E107: Moisture_Pct | F107: =IF(I107="",0,1) -> 1 | G107: =IF(I107="", "Missing", IF(AND(I107>=K107, I107<=L107), "Pass", "Fail")) -> Pass | H107: =IF(COUNTIFS($B$2:$B$2016,B107,$G$2:$G$2016,"Fail")>0,"Fail", IF(COUNTIFS($B$2:$B$2016,B107,$G$2:$G$2016,"Missing")>0,"Pending", "Pass")) -> Pass | I107: 0.18 | J107: % | K107: 0 | L107: 1 | M107: =Raw_LIMS_Export!K107 -> 45547 | N107: M. Toth
...

Sheet Batch_level_table
A1: Batch_ID | B1: Aggregated_Batch_Result | C1: Earliest_Test_Date | D1: Site | E1: Product Line
A2: ARO-2024-00352 | B2: Pending | C2: 45350 | D2: Ashford UK | E2: Aroma Chemical
A3: FOO-2024-00034 | B3: Pass | C3: 45399 | D3: Vernier CH | E3: Food Ingredient Extract
A4: ARO-2025-00025 | B4: Pass | C4: 45924 | D4: East Hanover | E4: Aroma Chemical
A5: ESS-2025-00059 | B5: Pass | C5: 45982 | D5: Vernier CH | E5: Essential Oil Blend
A6: ARO-2024-00311 | B6: Fail | C6: 45488 | D6: East Hanover | E6: Aroma Chemical
A7: FOO-2024-00389 | B7: Pass | C7: 45446 | D7: Ashford UK | E7: Food Ingredient Extract
A8: FOO-2025-00116 | B8: Fail | C8: 46008 | D8: Vernier CH | E8: Food Ingredient Extract
A9: FRA-2024-00338 | B9: Fail | C9: 45501 | D9: Dortmund DE | E9: Fragrance Oil
A10: FLA-2025-00310 | B10: Pass | C10: 45881 | D10: East Hanover | E10: Flavor Compound
A11: FOO-2024-00237 | B11: Pass | C11: 45655 | D11: Budapest | E11: Food Ingredient Extract
A12: ARO-2024-00430 | B12: Fail | C12: 45577 | D12: East Hanover | E12: Aroma Chemical
A13: ARO-2024-00388 | B13: Pending | C13: 45530 | D13: Vernier CH | E13: Aroma Chemical
... A447: ESS-2025-00022 | B447: Pass | C447: 45779 | D447: Budapest | E447: Essential Oil Blend
